,Name,Mission type,Operator,COSPAR ID,SATCAT no.,Launch mass,Power,Launch date,Rocket,Launch site,Last contact,Decay date,Reference system,Regime,Perigee altitude,Apogee altitude,Inclination,Period,Epoch,Mission duration,Spacecraft type,Manufacturer,Country of origin,Applications,Dimensions,Equipment,Design life,Status,Launched,Retired,Lost,Maiden launch,Last launch,Last retirement,Derived from,Derivatives,Deactivated,Longitude,Contractor,Disposal,Semi-major axis,Eccentricity,Deployment date,Batteries,Built,Website,Spacecraft,Bus,Dry mass,Entered service,Band,Periapsis altitude,Apoapsis altitude,Instruments,LISS-4: 5.8 metre multispectral,LISS-3: 23.5 metre multispectral,AWiFS: 56 metre multispectral,PAN,"Satellite of
","Launch
","Launch site
","Mission duration
","Mass
","Semi-major axis
","Eccentricity
","Inclination
","Orbital Period
","Right ascension of the ascending node
","Argument of perigee
",Slot,Bandwidth,TWTA power,EIRP,Landing date,Landing site,Payload mass,Periselene altitude,Aposelene altitude,Orbital insertion,Orbits,Altitude,Orbits completed,Mean motion,BOL mass,Periareon altitude,Apoareon altitude,MCC,TIS,MSM,MENCA,LAP,Coverage area,Wavelengths,HRMX,EvM,DCS,SAS&R,IMAGER,SOUNDER,Motto,Type,Established,Chancellor,Vice-Chancellor,Students,Undergraduates,Postgraduates,Location,Campus,Affiliations,RAAN,Argument of perigee,Mean anomaly,Revolution no.,Repeat interval,Industry,Founded,Headquarters,Key people,Services,Destroyed,Operational,Pericynthion altitude,Apocynthion altitude,Spacecraft component
0,Aryabhata,Astrophysics,ISRO,1975-033A,07752,360 kilograms (790 lb)[1][2],46 watts[2],"19 April 1975, 07:30 (1975-04-19UTC07:30Z) UTC[3]",Kosmos-3M[4],Kapustin Yar 107/2,March 1981 (1981-04)[2],10 February 1992[2],Geocentric,Low Earth,563 kilometres (350 mi)[2],619 kilometres (385 mi)[2],50.7 degrees[2],96.46 minutes,19 May 1975[5],,,,,,,,,,,,,,,,,,,,,,,,,,,,,,,,,,,,,,,,,,,,,,,,,,,,,,,,,,,,,,,,,,,,,,,,,,,,,,,,,,,,,,,,,,,,,,,,,,,,,,,,,,
1,Bhaskara-I,,,,,444 kilograms (979 lb),47 watts,7 June 1979 (1979-06-07Z) IST,C-1 Intercosmos Launch Vehicle,Kapustin Yar,,,,,,,,,,10 years (Re-Entered in 1989)[1],Unmanned, ISRO,,,,,,,,,,,,,,,,,,,,,,,,,,,,,,,,,,,,,,,,,,,,,,,,,,,,,,,,,,,,,,,,,,,,,,,,,,,,,,,,,,,,,,,,,,,,,,,,,,,,,,,
2,Rohini,,ISRO,,,30–41.5 kilograms (66–91 lb),3 watts (RTP)16 watts (others),,,,,,,400km Circular Low Earth,,,,,,,,,India,Experimental Satellites,360,Launch Vehicle monitorSolid State camera(RS-D2),8,Retired,4,2,2,RTP10 August 1979,Rohini RS-D217 April 1983,Rohini RS-D2,6,5,,,,,,,,,,,,,,,,,,,,,,,,,,,,,,,,,,,,,,,,,,,,,,,,,,,,,,,,,,,,,,,,,,,,,,,,,,,,,,,,,,,,,,,,,
3,Rohini,,ISRO,,,30–41.5 kilograms (66–91 lb),3 watts (RTP)16 watts (others),,,,,,,400km Circular Low Earth,,,,,,,,,India,Experimental Satellites,360,Launch Vehicle monitorSolid State camera(RS-D2),8,Retired,4,2,2,RTP10 August 1979,Rohini RS-D217 April 1983,Rohini RS-D2,6,5,,,,,,,,,,,,,,,,,,,,,,,,,,,,,,,,,,,,,,,,,,,,,,,,,,,,,,,,,,,,,,,,,,,,,,,,,,,,,,,,,,,,,,,,,
4,Rohini,,ISRO,,,30–41.5 kilograms (66–91 lb),3 watts (RTP)16 watts (others),,,,,,,400km Circular Low Earth,,,,,,,,,India,Experimental Satellites,360,Launch Vehicle monitorSolid State camera(RS-D2),8,Retired,4,2,2,RTP10 August 1979,Rohini RS-D217 April 1983,Rohini RS-D2,6,5,,,,,,,,,,,,,,,,,,,,,,,,,,,,,,,,,,,,,,,,,,,,,,,,,,,,,,,,,,,,,,,,,,,,,,,,,,,,,,,,,,,,,,,,,
5,Ariane Passenger Payload Experiment,,EADS Astrium,1981-057B,12545,350 kilograms (770 lb),,19 June 1981 (1981-06-19),Ariane 1,Kourou ELA-1,,,Geocentric,Geostationary,,,,,,"2 years, 3 months",, ISRO,,,,,,,,,,,,,,,19 September 1983 (1983-09-20),102° East,,,,,,,,,,,,,,,,,,,,,,,,,,,,,,,,,,,,,,,,,,,,,,,,,,,,,,,,,,,,,,,,,,,,,,,,,,,,,,,,,,,,,,,
6,Bhaskara-I,,,,,444 kilograms (979 lb),47 watts,7 June 1979 (1979-06-07Z) IST,C-1 Intercosmos Launch Vehicle,Kapustin Yar,,,,,,,,,,10 years (Re-Entered in 1989)[1],Unmanned, ISRO,,,,,,,,,,,,,,,,,,,,,,,,,,,,,,,,,,,,,,,,,,,,,,,,,,,,,,,,,,,,,,,,,,,,,,,,,,,,,,,,,,,,,,,,,,,,,,,,,,,,,,,
7,INSAT 1A,,INSAT,1982-031A,131300,"1,152 kilograms (2,540 lb)",,"10 April 1982, 06:47 (1982-04-10UTC06:47Z) UTC[1]",Delta 3910/PAM-D,Cape Canaveral LC-17A,,,Geocentric,Geostationary,"35,734 kilometres (22,204 mi)","35,841 kilometres (22,271 mi)",14.59 degrees,23.93 hours,"10 November 2013, 12:38:56 UTC[2]",7 years planned17 months achieved,INSAT-1,Ford Aerospace,,,,,,,,,,,,,,,6 September 1983 (1983-09-07),74° east,NASA,Abandoned,"42,158.98 kilometres (26,196.38 mi)",0.0012778,,,,,,,,,,,,,,,,,,,,,,,,,,,,,,,,,,,,,,,,,,,,,,,,,,,,,,,,,,,,,,,,,,,,,,,,,,,,,,,,,,,
8,Rohini,,ISRO,,,30–41.5 kilograms (66–91 lb),3 watts (RTP)16 watts (others),,,,,,,400km Circular Low Earth,,,,,,,,,India,Experimental Satellites,360,Launch Vehicle monitorSolid State camera(RS-D2),8,Retired,4,2,2,RTP10 August 1979,Rohini RS-D217 April 1983,Rohini RS-D2,6,5,,,,,,,,,,,,,,,,,,,,,,,,,,,,,,,,,,,,,,,,,,,,,,,,,,,,,,,,,,,,,,,,,,,,,,,,,,,,,,,,,,,,,,,,,
9,INSAT-1B,Communications,INSAT,1983-089B,14318,"1,152 kilograms (2,540 lb)",,"30 August 1983, 06:32:00 UTC[1]",Space Shuttle ChallengerSTS-8 / PAM-D,Kennedy LC-39A,,,Geocentric,Geostationary,"35,741 kilometres (22,208 mi)","35,846 kilometres (22,274 mi)",14.69 degrees,23.93 hours,"14 November 2013, 15:52:38 UTC[2]",7 years,INSAT-1,Ford Aerospace,,,,,,,,,,,,,,,August 1993 (1993-09),74° east (1983-92)93° east (1992-93),NASA,Decommissioned,"42,164.88 kilometres (26,200.04 mi)",0.0012393,"31 August 1983, 07:48 (1983-08-31UTC07:48Z) UTC",,,,,,,,,,,,,,,,,,,,,,,,,,,,,,,,,,,,,,,,,,,,,,,,,,,,,,,,,,,,,,,,,,,,,,,,,,,,,,,,,,
10,Stretched Rohini Satellite Series,,ISRO,,,106–150 kilograms (234–331 lb),~100 watts,,,,,,,Low Earth,,,,,,,,,India,Gamma ray astronomy,,Gamma-Ray BurstRetarded Potential Analyser[citation needed],2 years,Retired,4,1,3,SROSS-A24 March 1987,SROSS-C24 May 1994,,Rohini,,,,,,,,,Ni-Cd,4,,,,,,,,,,,,,,,,,,,,,,,,,,,,,,,,,,,,,,,,,,,,,,,,,,,,,,,,,,,,,,,,,,,,,,,,,,,,,,,,
11,IRS-1A,Earth observation,ISRO,1988-021A,18960,"975 kg (2,150 lb)",600 watts,"17 March 1988, 06:43:00 UTC",Vostok-2M s/n L15000-79,"Baikonur Cosmodrome, Site 31",,,Geocentric orbit[2],Sun-synchronous orbit,863 km (536 mi),917 km (570 mi),99.01°,102.7 minutes,,3 years (planned)4 years (achieved),,Indian Space Research Organization,,,1.56 m x 1.66 m x 1.10 m,,,,,,,,,,,,1 July 1992 [1],,OKB-1,,,,,,,https://www.isro.gov.in/,IRS-1A,IRS-1,"895 kg (1,973 lb)",June 1988 [1],,,,,,,,,,,,,,,,,,,,,,,,,,,,,,,,,,,,,,,,,,,,,,,,,,,,,,,,,,,,,,,,,,,,,,,,,,,
12,Stretched Rohini Satellite Series,,ISRO,,,106–150 kilograms (234–331 lb),~100 watts,,,,,,,Low Earth,,,,,,,,,India,Gamma ray astronomy,,Gamma-Ray BurstRetarded Potential Analyser[citation needed],2 years,Retired,4,1,3,SROSS-A24 March 1987,SROSS-C24 May 1994,,Rohini,,,,,,,,,Ni-Cd,4,,,,,,,,,,,,,,,,,,,,,,,,,,,,,,,,,,,,,,,,,,,,,,,,,,,,,,,,,,,,,,,,,,,,,,,,,,,,,,,,
13,INSAT-1C,,INSAT,1988-063A,19330,"1,190 kilograms (2,620 lb)",,21 July 1988,Ariane 3,Kourou ELA-2,,,Geocentric,Geostationary,,,,24 hours,,7 years (planned)1.3 years (achieved),,Ford Aerospace,,,,,,,,,,,,,,,,93.5° East,Arianespace,,,,,,,,,I-1K,,,,,,,,,,,,,,,,,,,,,,,,,,,,,,,,,,,,,,,,,,,,,,,,,,,,,,,,,,,,,,,,,,,,,,,,,,,,,
14,INSAT-1D (Full name: Indian National Satellite - 1D),,INSAT,1990-051A,20643,"1,190 kilograms (2,620 lb) (Lift - off Mass)[1]",1000 W (Solar array);[1] Nominal Power: 1200.0 W  [2],"June 12, 1990, 05:52:00 UTC [3][4]",Delta 4925[5],Cape Canaveral LC-17B,,,Geocentric,Geostationary,"35,741 kilometres (22,208 mi)","35,846 kilometres (22,274 mi)",14.30 degrees[6],23.93 hours,"14 November 2013, 15:52:38 UTC[6]",7 years,INSAT-1,Ford Aerospace,,,,,,,,,,,,,,,14 May 2002 (2002-05-15),83° east [1],NASA,Decommissioned (mission life over)[1],"42,164.88 kilometres (26,200.04 mi)",0.0012393, (2021-07-04UTC17:17:39Z) UTC,,,,,,"550 kilograms (1,210 lb)[1]",,,,,,,,,,,,,,,,,,,,,,,,,,,,,,,,,,,,,,,,,,,,,,,,,,,,,,,,,,,,,,,,,,,,,,,,,,,,
15,IRS-1B,Earth observation,ISRO,1991-061A,21688,"975 kg (2,150 lb)",600 watts,"29 August 1991,06:48:43 UTC",Vostok-2M s/n I15000-079,"Baikonur Cosmodrome, Site 31",,,Geocentric orbit[2],Sun-synchronous orbit,859 km (534 mi),915 km (569 mi),99.2°,102.7 minutes,,3 years (planned)10 years (achieved),,Indian Space Research Organisation,,,1.56 m x 1.66 m x 1.10 m,,,,,,,,,,,,1 July 2001 [1],,OKB-1,,,,,,,https://www.isro.gov.in/,IRS-1B,IRS-1,"895 kg (1,973 lb)",November 1991 [1],,,,,,,,,,,,,,,,,,,,,,,,,,,,,,,,,,,,,,,,,,,,,,,,,,,,,,,,,,,,,,,,,,,,,,,,,,,
16,Arabsat-1C → INSAT-2DT,,Arabsat → INSAT,1992-010B,21894,"1,360 kilograms (3,000 lb)",,"26 February 1992, 23:58:10 (1992-02-26UTC23:58:10Z) UTC",Ariane 44L,Kourou ELA-2,,,Geocentric,Geostationary,,,,24 hours,,7 years (planned)12¾ years (achieved),,Aérospatiale/MBB[1],,,,,,,,,,,,,,,October 2004 (2004-11),31° East55° East82.5° East,Arianespace,Decommissioned,,,,,,,,Spacebus 100,,,2 E/F-band25 G/H-Band,,,,,,,,,,,,,,,,,,,,,,,,,,,,,,,,,,,,,,,,,,,,,,,,,,,,,,,,,,,,,,,,,,,,,,,,,,
17,Stretched Rohini Satellite Series,,ISRO,,,106–150 kilograms (234–331 lb),~100 watts,,,,,,,Low Earth,,,,,,,,,India,Gamma ray astronomy,,Gamma-Ray BurstRetarded Potential Analyser[citation needed],2 years,Retired,4,1,3,SROSS-A24 March 1987,SROSS-C24 May 1994,,Rohini,,,,,,,,,Ni-Cd,4,,,,,,,,,,,,,,,,,,,,,,,,,,,,,,,,,,,,,,,,,,,,,,,,,,,,,,,,,,,,,,,,,,,,,,,,,,,,,,,,
18,INSAT-2A,,INSAT,1992-041A,22027,"1,906 kilograms (4,202 lb)",watts,"August, 1992",Ariane-4,French Guyana,,,Geocentric,Geostationary,,,,,,7 Years,,ISRO,,,,,,,,,,,,,,,"30 May, 2002",74 Degree East,Arianespace,,,,,,,,,,916 Kg,,,,,,,,,,,,,,,,,,,,,,,,,,,,,,,,,,,,,,,,,,,,,,,,,,,,,,,,,,,,,,,,,,,,,,,,,,,,
19,IRS-1E,Earth observation,ISRO,,,"846 kg (1,865 lb)",415 watts,"20 September 1993, 05:12 UTC",Polar Satellite Launch Vehicle (PSLV-D1),"Satish Dhawan Space Centre, First Launch Pad (FLP)",,,Geocentric orbit (planned) [1],Sun-synchronous orbit,817 km (508 mi),817 km (508 mi),98.6°,103.0 minutes,,3 years (planned)Failed to orbit,,Indian Space Research Organisation,,,1.56 m x 1.66 m x 1.10 m,,,,,,,,,,,,,,Indian Space Research Organisation,,,,,,,https://www.isro.gov.in/,IRS-1E (P1),IRS-1A,"766 kg (1,689 lb)",Failed to orbit,,,,,,,,,,,,,,,,,,,,,,,,,,,,,,,,,,,,,,,,,,,,,,,,,,,,,,,,,,,,,,,,,,,,,,,,,,,
20,Stretched Rohini Satellite Series,,ISRO,,,106–150 kilograms (234–331 lb),~100 watts,,,,,,,Low Earth,,,,,,,,,India,Gamma ray astronomy,,Gamma-Ray BurstRetarded Potential Analyser[citation needed],2 years,Retired,4,1,3,SROSS-A24 March 1987,SROSS-C24 May 1994,,Rohini,,,,,,,,,Ni-Cd,4,,,,,,,,,,,,,,,,,,,,,,,,,,,,,,,,,,,,,,,,,,,,,,,,,,,,,,,,,,,,,,,,,,,,,,,,,,,,,,,,
21,IRS-P2,Earth observation,ISRO,1994-068A,23323,"804 kg (1,773 lb)",510 watts,15 October 1994. 05:05 UTC,Polar Satellite Launch Vehicle PSLV-D2,"Satish Dhawan Space Centre, First Launch Pad (FLP)",,,Geocentric orbit[3],Sun-synchronous orbit,804 km (500 mi),881 km (547 mi),98.68°,98.7 minutes,,3 years (planned)3 years (achieved),,Indian Space Research Organisation,,,,,,,,,,,,,,,15 September 1997 [2],,Indian Space Research Organisation,,,,,,,https://www.isro.gov.in/,IRS-P2,IRS-1A[1],"724 kg (1,596 lb)",7 November 1994,,,,,,,,,,,,,,,,,,,,,,,,,,,,,,,,,,,,,,,,,,,,,,,,,,,,,,,,,,,,,,,,,,,,,,,,,,,
22,IRS-1C,Earth observation,ISRO,1995-072A,23751,"1,250 kg (2,760 lb)",809 watts,28 December 199506:45:18 UTC,Molniya-M (s/n V15000-040),"Baikonur Cosmodrome, Site 31",,,Geocentric orbit[3],Sun-synchronous orbit,816 km (507 mi),818 km (508 mi),98.69°,101.2 minutes,,3 years (planned)10 years (achieved),,Indian Space Research Organisation,,,1.93 m x 1.70 m x 1.65 m,,,,,,,,,,,,21 September 2005 [2],,TsSKB,,,,,,,https://www.isro.gov.in/,IRS-1C,IRS-1A,"1,150 kg (2,540 lb)",First week of January 1996 [1],,,,,,,,,,,,,,,,,,,,,,,,,,,,,,,,,,,,,,,,,,,,,,,,,,,,,,,,,,,,,,,,,,,,,,,,,,,
23,IRS-P3,Earth Observation,ISRO,1996-017A,23827,"922 kg (2,033 lb)",873 watts,"21 March 1996, 04:53 UTC","Polar Satellite Launch Vehicle, PSLV-D3","Satish Dhawan Space Centre, First Launch Pad (FLP)",,,Geocentric orbit,Sun-synchronous orbit,802 km (498 mi),848 km (527 mi),98.69°,101.4 minutes,,3 years (planned)8.5 years (achieved),,Indian Space Research Organisation,,,1.56 m x 1.66 m x 1.10 m,,,,,,,,,,,,15 October 2004,,Indian Space Research Organisation,,,,,,,https://www.isro.gov.in/,IRS-P3,IRS-1A,"838 kg (1,847 lb)",June 1996 [1],,,,,,,,,,,,,,,,,,,,,,,,,,,,,,,,,,,,,,,,,,,,,,,,,,,,,,,,,,,,,,,,,,,,,,,,,,,
24,INSAT-2D,,INSAT,,,"2,079 kilograms (4,583 lb)",1650 watts,"4 June, 1997",Ariane-4,French Guyana,,,Geocentric,Geostationary,,,,,,7 Years,,ISRO,,,,,,,,,,,,,,,"4 Oct, 1997",93.5 Degree East,,,,,,,,,,,995 Kg,,,,,,,,,,,,,,,,,,,,,,,,,,,,,,,,,,,,,,,,,,,,,,,,,,,,,,,,,,,,,,,,,,,,,,,,,,,,
25,INSAT-2E,,INSAT,1999-016A,25666,"2,550 kilograms (5,620 lb)","2,050 watts","2 April 1999, 22:03 UTC (1999-04-02UTC22:03Z)",Ariane 42P,Kourou ELA-2,,,Geocentric,Geostationary,"35,766 kilometres (22,224 mi)","35,806 kilometres (22,249 mi)",0.05 degrees,1436.06 minutes,2 May 1999[1],12 years (planned),,ISRO,,,,,,,,,,,,,,,,83° East,Arianespace,,,,,,,,,INSAT-2/3,,,17 G/H band,,,,,,,,,,,,,,,,,,,,,,,,,,,,,,,,,,,,,,,,,,,,,,,,,,,,,,,,,,,,,,,,,,,,,,,,,,
26,Oceansat-1,Earth observationOceanography,ISRO,1999-029A,25756,"1,050 kg (2,310 lb)",750 watts,"26 May 1999, 06:22 UTC","Polar Satellite Launch Vehicle, PSLV-C2","Satish Dhawan Space Centre, First Launch Pad (FLP)",,,Geocentric orbit[2],Sun-synchronous orbit,719 km (447 mi),730 km (450 mi),98.4°,99.0 minutes,,5 years (planned)11 years (achieved),,Indian Space Research Organisation,,,2.80 m x 1.98 m x 2.57 m,,,,,,,,,,,,8 August 2010,,Indian Space Research Organisation,,,,,,,https://www.isro.gov.in/,OceanSat-1,IRS-1A[1],,August 1999,,,,,,,,,,,,,,,,,,,,,,,,,,,,,,,,,,,,,,,,,,,,,,,,,,,,,,,,,,,,,,,,,,,,,,,,,,,
27,INSAT-3B,,INSAT,2000-016B,26108,"2,070 kilograms (4,560 lb)","1,712 watts",21 March 2000 (2000-03-21),Ariane 5G,Kourou ELA-3,,,Geocentric,Geostationary,"35,743 kilometres (22,210 mi)[1]","35,829 kilometres (22,263 mi)[1]",0.01 degrees[1],"1,436.06 minutes[1]",23 April 2000[1],12 years,,ISRO,,,,,,,,,,,,,,,,83° East,Arianespace,,,,,,,,,I-2K,,,,,,,,,,,,,,,,,,,,,,,,,,,,,,,,,,,,,,,,,,,,,,,,,,,,,,,,,,,,,,,,,,,,,,,,,,,,,
28,GSAT-1,,ISRO,2001-015A,26745,"1,540 kilograms (3,400 lb)",,"18 April 2001, 10:13 (2001-04-18UTC10:13Z) UTC",GSLV Mk.I,Shiharikota FLP,,,Geocentric,Medium EarthGeostationary planned,"33,800 kilometres (21,000 mi)","35,725 kilometres (22,198 mi)",0.9 degrees,1384.09 minutes,25 April 2001[1],Failed to reach orbit,,ISRO,,,,,,,,,,,,,,,,73° west (2000)99° west (2000–2006)76.85° west (2006–2009),ISRO,,,,,,,,,I-2K,,,3 C-band2 S-band,,,,,,,,,,,,,,,,,,,,,,,,,,,,,,,,,,,,,,,,,,,,,,,,,,,,,,,,,,,,,,,,,,,,,,,,,,
29,Technology Experiment Satellite,,ISRO,2001-049A,26957,1108 kg,,"22 October 2001, 04:53:00 UTC",PSLV-C3,"SHAR, First Launch Pad",,,Geocentric[1],Sun-synchronous,551 km,579 km,97.8°,96.0 minutes,22 October 2001,"Elapsed: 19 years, 8 months and 12 days",,ISROLPSC,,,,,,,,,,,,,,,,,ISRO,,,,,,,ISRO: PSLV-C3,,,,,,,,,,,,,,,,,,,,,,,,,,,,,,,,,,,,,,,,,,,,,,,,,,,,,,,,,,,,,,,,,,,,,,,,,,,,,,,
30,INSAT 3C,CommunicationsWeather,INSAT,2002-002A,27298,"2,750 kg (6,060 lb)",2.765 kilowatts,"23 January 2002, 23:46:57 (2002-01-23UTC23:46:57Z) UTC",Ariane-42L H10-3,Kourou ELA-3,,,Geocentric,Geostationary,,,4 degrees,24 hours,,,,ISRO,,,,,,,,,,,,,,,,74° East (0°N 74°E﻿ / ﻿0°N +74°E﻿ / 0; +74Coordinates: 0°N 74°E﻿ / ﻿0°N +74°E﻿ / 0; +74),Arianespace,,,,,,,INSAT 3C,,I-2K,"1,210 kg (2,670 lb)",,,,,,,,,,,,,,,,,,,,,,,,,,,,,,,,,,,,,,,,,,,,,,,,,,,,,,,,,,,,,,,,,,,,,,,,,,,,
31,Kalpana-1,Weather,ISRO,2002-043A,27525,"1,060 kilograms (2,340 lb)",550 watts,"12 September 2002, 10:24:00 (2002-09-12UTC10:24Z) UTC[3]",PSLV-C4,"SHAR, Satish Dhawan FLP",,,Geocentric,Geostationary,"35,771 kilometres (22,227 mi)","35,801 kilometres (22,246 mi)",0.48 degrees,1436.06 minutes,25 September 2002[4],Planned: 7 years Achieved: 15 years[1],,ISRO Satellite CenterSpace Applications Centre,,,,,,,,,,,,,,,September 2017,74° East,,,,0.0,,,,Kalpana-1 on ISRO Web-site,,I-1000 Bus[2],"498 kilograms (1,098 lb)",,,,,,,,,,,,,,,,,,,,,,,,,,,,,,,,,,,,,,,,,,,,,,,,,,,,,,,,,,,,,,,,,,,,,,,,,,,,
32,GSAT-2,Communications,ISRO,2003-018A,27807,"1,825 kilograms (4,023 lb)",,"8 May 2003, 11:28 (2003-05-08UTC11:28Z) UTC[1]",GSLV Mk.I D2,Sriharikota FLP,,,Geocentric,Geostationary,"35,904 kilometres (22,310 mi)","35,920 kilometres (22,320 mi)",2.43 degrees,24.03 hours,"29 October 2013, 19:06:36 UTC[2]",3-5 years,,ISRO,,,,,,,,,,,,,,,,47.95° east,ISRO,,,,,,,www.isro.org/satellites/gsat-2.aspx,,I-2K,,,,,,,,,,,,,,,,,,,,,,,,,,,,,,,,,,,,,,,,,,,,,,,,,,,,,,,,,,,,,,,,,,,,,,,,,,,,,
33,INSAT-3E,Communications,INSAT,2003-047E,27951,"2,750 kilograms (6,060 lb)","2,400 watts","27 September 2003, 23:14:46 (2003-09-27UTC23:14:46Z) UTC[1]",Ariane 5G V162,Kourou ELA-3,,,Geocentric,Geostationary (till 2014) Graveyard Orbit,,,0.06 degrees,23.93 hours,"30 October 2013, 02:33:58 UTC[2]","10 years, 5 months, 5 days",,ISRO,,,2.0×1.77×2.8 metres (6.6×5.8×9.2 ft),,,,,,,,,,,,,55° east (till 2014),Arianespace,Moved to a graveyard orbit,,,,,,,,I-2K,,,24 C band12 Extended C band,"35,764 kilometres (22,223 mi) (till 2014)","35,819 kilometres (22,257 mi) (till 2014)",,,,,,,,,,,,,,,,,,,,,,,,,,,,,,,,,,,,,,,,,,,,,,,,,,,,,,,,,,,,,,,,,,,,,,,,
34,Resourcesat-1,Earth observation,ISRO,2003-046A,28051,"1,360 kg (3,000 lb)",1250 watts,"17 October 2003, 04:54:00 UTC","Polar Satellite Launch Vehicle, PSLV-C5","Satish Dhawan Space Centre, First Launch Pad (FLP)",,,Geocentric orbit[1],Sun-synchronous orbit,813 km,836 km,98.8°,101.4 minutes,,"5 years (planned)17 years, 8 months and 17 days (in progress)",,Indian Space Research Organisation,,,,,,,,,,,,,,,,,Indian Space Research Organisation,,,,,,,https://www.isro.gov.in/,IRS-P6,IRS-1A,,January 2004,,,,InstrumentsLISS-4: 5.8 metre multispectralLinear Imaging Self-Scanning Sensor-4LISS-3: 23.5 metre multispectralLinear Imaging Self-Scanning Sensor-3AWiFS: 56 metre multispectralAdvanced Wide Field Sensor,Linear Imaging Self-Scanning Sensor-4,Linear Imaging Self-Scanning Sensor-3,Advanced Wide Field Sensor,,,,,,,,,,,,,,,,,,,,,,,,,,,,,,,,,,,,,,,,,,,,,,,,,,,,,,,,,,,,,,,,,,,,
35,GSAT-3,,ISRO,2004-036A,28417,"1,950 kilograms (4,300 lb)",2040 watts,"20 September 2004, 10:31:00 (2004-09-20UTC10:31Z) UTC[3]",GSLV Mk.I F01,Satish Dhawan FLP,,,Geocentric,Geostationary,"36,066 kilometres (22,410 mi)","36,084 kilometres (22,422 mi)",2.71 degrees,24.17 hours,"14 December 2013, 14:55:38 UTC[4]",7 years planned[1]6 years achieved[2],,ISRO Satellite CentreSpace Applications Centre,,,,,,,,,,,,,,,30 September 2010 (2010-10-01)[2],74° East,ISRO,Moved to Graveyard orbit,,,,,,www.isro.gov.in,,I-2K,,24 September 2004,,,,,,,,,,,,,,,,,,,,,,,,,,,,,,,,,,,,,,,,,,,,,,,,,,,,,,,,,,,,,,,,,,,,,,,,,,,
36,Cartosat-1,Earth observation,ISRO,2005-017A,28649,"1,560 kg (3,440 lb) [2]",1100 watts[2],"5 May 2005, 04:44:00 UTC[3]",Polar Satellite Launch Vehicle (PSLV-C6) [4],"Satish Dhawan Space Centre, Second Launch Pad (SLP)[4]",,,Geocentric orbit[3],Sun-synchronous orbit,620 km (390 mi),622 km (386 mi),97.87°,97.1 minutes,,5 years (planned)14 years (achieved),,Indian Space Research Organisation,,,,,,,,,,,,,,,5 May 2019 [5],,Indian Space Research Organisation,,,,,,,https://www.isro.gov.in/,IRS-P5,IRS-1[1],,August 2005,,,,InstrumentsPANPanchromatic Camera,,,,Panchromatic Camera,,,,,,,,,,,,,,,,,,,,,,,,,,,,,,,,,,,,,,,,,,,,,,,,,,,,,,,,,,,,,,,,,,,
37,"HAMSAT
",,,,,,,,,,,,,,,,,,,,,,,,,,,,,,,,,,,,,,,,,,,,,,,,,,,,,,,,,,"Earth
","May 5, 2005 on PSLV-C6
","Sriharikota
","Officially Decommissioned after 9 Years and 2 Months. Still semi operational providing unreliable service due to battery failure.[1]
","42.5 kg (launch)
","7004.27 km
","0.0027
","97.89 degrees
","97.23 minutes
","65.14 degrees
","222.72 degrees
",,,,,,,,,,,,,,,,,,,,,,,,,,,,,,,,,,,,,,,,,,,,,,,,,,,,,,,,
38,INSAT 4A,Communications,INSAT,2005-049A,28911,"3,081 kilograms (6,792 lb)","5,922 watts","22 December 2005, 22:33 (2005-12-22UTC22:33Z) UTC",Ariane 5GS,Kourou ELA-3,,,Geocentric,Geostationary,,,,24 hours,,"Planned: 12 years Achieved: 13 years, 9 months, 29 days",,ISRO,,,2.8 x 1.7 x 2.0 m,,,,,,,,,,,,21 October 2019 (2019-10-22)[2],,Arianespace,Moved to a graveyard orbit,,,,,,INSAT 4A,,I-3K,"1,386 kilograms (3,056 lb)[1]",,12 Ku band12 C-band,,,,,,,,,,,,,,,,,,,83° East (0°N 83°E﻿ / ﻿0°N +83°E﻿ / 0; +83Coordinates: 0°N 83°E﻿ / ﻿0°N +83°E﻿ / 0; +83),36 megahertz,140 & 63 watts,51 & 38 dbW,,,,,,,,,,,,,,,,,,,,,,,,,,,,,,,,,,,,,,,,,,,,,,,,,,,,
39,INSAT-4C,,INSAT,,,"2,168 kilograms (4,780 lb)",,"10 July 2006, 12:08 (2006-07-10UTC12:08Z) UTC[1]",GSLV Mk.I,Satish Dhawan SLP,,,,,,,,,,10 years plannedFailed to orbit,,ISRO,,,,,,,,,,,,,,,,,ISRO,,,,,,,,,I-2K,"950 kilograms (2,090 lb)",,,,,,,,,,,,,,,,,,,,,,,,,,,,,,,,,,,,,,,,,,,,,,,,,,,,,,,,,,,,,,,,,,,,,,,,,,,,
40,Cartosat-2,Earth observation,ISRO,2007-001B,29710,"680 kg (1,500 lb) [2]",900 watts[3][4],"10 January 2007, 03:57:00 UTC[5]",Polar Satellite Launch Vehicle (PSLV-C7) [2],"Satish Dhawan Space Centre, FLP[2]",,,Geocentric orbit,Sun-synchronous orbit[5],621 km (386 mi),641 km (398 mi),97.9°,97.3 minutes,,5 years (planned)12 years (achieved),,Indian Space Research Organisation,,,,,,,,,,,,,,,2019,,Indian Space Research Organisation,,,,,,,https://www.isro.gov.in/,IRS-P7,IRS-2 [1],,2007,,,,InstrumentsPANPanchromatic Camera,,,,Panchromatic Camera,,,,,,,,,,,,,,,,,,,,,,,,,,,,,,,,,,,,,,,,,,,,,,,,,,,,,,,,,,,,,,,,,,,
41,SRE-1,Technology,ISRO,2007-001C,29711,"550 kilograms (1,210 lb)",,"10 January 2007, 03:54 (2007-01-10UTC03:54Z) UTC",PSLV C7,Satish Dhawan FLP,,,Geocentric,Low Earth,,,,,,12 days,,ISRO,,,,,,,,,,,,,,,,,ISRO,,,,,,,,,,,,,,,,,,,,,,,,,,,,,,,,,,,"22 January 2007, 04:16 (2007-01-22UTC04:17Z) UTC",Bay of Bengal,,,,,,,,,,,,,,,,,,,,,,,,,,,,,,,,,,,,,,,,,,,,,,,,,,
42,INSAT-4B,,INSAT,2007-007A,30793,"3,028 kilograms (6,676 lb)",watts,"11 March 2007, 22:03 (2007-03-11UTC22:03Z) UTC[1]",Ariane 5ECA,Kourou ELA-3,,,Geocentric,Geostationary,"35,776 kilometres (22,230 mi)","35,809 kilometres (22,251 mi)",0.07 degrees,23.93 hours,"11 November 2013, 22:16:22 UTC[2]","Planned: 12 years Duration: 14 years, 3 months, 21 days",,ISRO,,,,,,,,,,,,,,,,"85.5° E (relocated on 20 Feb 2020)
83° E (relocated on 12 Oct 2019)
111.2° E (relocated on 18 Dec 2017)

93.48° E (till 11 Nov 2017)",Arianespace,,"42,163.57 kilometres (26,199.23 mi)",0.0003909,,,,,,I-3K,"1,335 kilograms (2,943 lb)",,,,,,,,,,,,,,,,,,,,,,,,,,,,,,,,,,,,,,,,,,,,,,,,,,,,,,,,,,,,,,,,,,,,,,,,,,,,
43,Cartosat-2A,Earth observation,ISRO,2008-021A,32783,"690 kg (1,520 lb) [2][3]",900 watts[2][3],"28 April 2008, 03:54:00 UTC[4]",Polar Satellite Launch Vehicle (PSLC-C9) [5],"Satish Dhawan Space Centre, SLP[5]",,,Geocentric orbit,Sun-synchronous orbit,616 km (383 mi),637 km (396 mi),98.0°,97.3 minutes,,"5 years (planned)13 years, 2 months and 7 days (in progress)",,Indian Space Research Organisation,,,,,,,,,,,,,,,,,Indian Space Research Organisation,,,,,,,https://www.isro.gov.in/,Cartosat-2a,IRS-2[1],"626 kg (1,380 lb) [3]",,,,,InstrumentsPANPanchromatic Camera,,,,Panchromatic Camera,,,,,,,,,,,,,,,,,,,,,,,,,,,,,,,,,,,,,,,,,,,,,,,,,,,,,,,,,,,,,,,,,,,
44,IMS-1,,ISRO,2008-021D[1],32786,83 kilograms (183 lb),220 watts,"28 April 2008, 03:53 (2008-04-28UTC03:53Z) UTC",PSLV C9,Satish Dhawan SLP,,,Geocentric,Low Earth[2],630 kilometres (390 mi)[2],630 kilometres (390 mi)[2], degrees,~90 minutes (estimated)[2],"27 April 2008, 23:54:00 UTC[3]",2 years,,,,,,,,,,,,,,,,,,,,,,,,,,,,,,,,,,,,,,,,,,,,,,,,,,,,,,,,,,,,,,,,,,,,,,,,,,,,,,,,,,,,,,,,,,,,,,,,,,,,,,,,,
45,Chandrayaan-1,Lunar orbiter,Indian Space Research Organisation,2008-052A,33405,"1,380 kg (3,040 lb)[1]",,"22 October 2008, 00:52 (2008-10-22UTC00:52) UTC",PSLV-XL C11[3][4],Satish Dhawan Second Pad,"28 August 2009, 20:00 (2009-08-28UTC21) UTC",,Selenocentric,,,,,,19 May 2009,"Planned: 2 years  Final: 10 months, 6 days",,,,,,,,,,,,,,,,,,,ISRO,,"1,758 kilometers (1,092 mi)",0.0,,,,www.isro.gov.in/Spacecraft/chandrayaan-1,,,"560 kg (1,230 lb)[2]",,,,,,,,,,,,,,,,,,,,,,,,,,,105 kg (231 lb)[2],200 km (120 mi),200 km (120 mi),8 November 2008,"3,400 at EOM[5]",,,,,,,,,,,,,,,,,,,,,,,,,,,,,,,,,,,,,,,,,,,,,
46,RISAT-2,Radar imaging(Reconnaissance and disaster management),Indian Air ForceISRO,2009-019A [1],34807,300 kg (660 lb),750 watts,"20 April 2009, 01:15:00 UTC[2]",PSLV-CA (PSLV-C12),"Satish Dhawan, SLP",,,Geocentric orbit[2],Sun-synchronous orbit,,,41.0°,90.0 minutes,,"5 years (planned)12 years, 2 months, 7 days (elapsed)",,ISRO (satellite)IAI (SAR radar),,,,,,,,,,,,,,,,,Indian Space Research Organisation,,,,,,,www.isro.gov.in/Spacecraft/risat-2,RISAT-2,OptSat-2000,,,,,,,,,,,,,,,,,,,,,,,,,,,,,,,,,548 km (341 mi),,,,,,,,,,,,,,,,,,,,,,,,,,,,,,,,,,,,,,,,,,,,
47,ANUSAT,,"Anna University
(Madras Institute of Technology and College of Engineering, Guindy) Campuses, Chennai Tamil Nadu",2009-019B,34808,40 kilograms (88 lb),watts,"20 April 2009, 01:15 (2009-04-20UTC01:15Z) UTC",PSLV-CA C12,Satish Dhawan SLP,9 January 2012,18 April 2012,Geocentric,Low Earth,402 kilometres (250 mi),552 kilometres (343 mi),41.2 degrees,94.14 minutes,22 April 2009[1],2 years,,,,,,,,,,,,,,,,,,,ISRO,,,,,,,,,,,,,,,,,,,,,,,,,,,,,,,,,,,,,,,,,,,15287,,,,,,,,,,,,,,,,,,,,,,,,,,,,,,,,,,,,,,,,,,,
48,Oceansat-2,Earth observationOceanography,ISRO,2009-051A,35931,"970 kg (2,140 lb)",1360 watts,"23 September 2009, 06:21 UTC","Polar Satellite Launch Vehicle, (PSLV-C14)","Satish Dhawan Space Centre, First Launch Pad (FLP)",,,Geocentric orbit[1],Sun-synchronous orbit,728 km (452 mi),731 km (454 mi),98.28°,99.31 minutes,,"5 years (planned)11 years, 9 months and 11 days (in progress)",,Indian Space Research Organisation,,,2.80 m x 1.98 m x 2.57 m,,,,,,,,,,,,,,Indian Space Research Organisation,,,,,,,https://www.isro.gov.in/,OceanSat-2,Oceansat-1,,15 April 2010,,,,,,,,,,,,,,,,,,,,,,,,,,,,,,,,,,,,,,,,,,,,,,,,,,,,,,,,,,,,,,,,,,,,,,,,,,,
49,GSAT-4,Communication,ISRO,,,"2,220 kilograms (4,890 lb)","2,760 watts","15 April 2010, 10:57 (2010-04-15UTC10:57Z) UTC",GSLV Mk.II D3,Satish Dhawan SLP,,,Geocentric,Geostationary,,,,,Planned,7 years (planned)Failed to orbit,,ISRO Satellite CentreSpace Applications Centre,,,,,,,,,,,,,,,,82° East,,,,,,,,,,I-2K,,,Ka-band,,,,,,,,,,,,,,,,,,,,,,,,,,,,,,,,,,,,,,,,,,,,,,,,,,,,,,,,,,,,,,,,,,,,,,,,,,
50,Cartosat-2B,Earth observation,ISRO,2010-035A,36795,"694 kg (1,530 lb) [2][3]",930 watts,"12 July 2010, 03:52 UTC","Polar Satellite Launch Vehicle, (PSLV-C15)","Satish Dhawan Space Centre, First Launch Pad (FLP)",,,Geocentric orbit[4],Sun-synchronous orbit,623 km (387 mi),644 km (400 mi),97.92°,94.72 minutes,,"5 years (planned)10 years, 11 months and 22 days (in progress)",,Indian Space Research Organisation,,,,,,,,,,,,,,,,,Indian Space Research Organisation,,,,,,,https://www.isro.gov.in/,CartoSat-2B,IRS-2[1],"630 kg (1,390 lb)",October 2010,,,,,,,,,,,,,,,,,,,,,,,,,,,,,,,,,,,,,,,,,,,,,,,,,,,,,,,,,,,,,,,,,,,,,,,,,,,
51,STUDSAT,,STUDSAT Consortium,2010-035B [1],36796,0.950 kg (2.09 lb),,"12 July 2010, 03:52:00 UTC[2]",Polar Satellite Launch Vehicle (PSLV-C15),"Satish Dhawan, FLP",2011,,Geocentric orbit[3],Sun-synchronous orbit,602.5 km,620.4 km,98.18°,96.8 minutes,,6 months (planned),CubeSat,Consortium of 7 Engineering Colleges from Bangalore (4) and Hyderabad (3),,,10 cm x 10 cm x 13.5 cm,,,,,,,,,,,,,,ISRO,,,,,,,,,,,,,,,,,,,,,,,,,,,,,,,,,,,,,,,,,,,,,,,,,,,,,,,,,,,,,,,,,,,,,,,,,,,,,,,,,,,,,,
52,GSAT-5P,,ISRO,,,"2,310 kilograms (5,090 lb)",,"25 December 2010, 10:34 (2010-12-25UTC10:34Z) UTC",GSLV Mk.I F06,Satish Dhawan SLP,,,Geocentric,Geostationary,,,,,Planned,12-14 years (planned)Failed to orbit,,ISRO,,,,,,,,,,,,,,,,55° East,,,,,,,,,,I-2K,,,36 G/H band (IEEE C band),,,,,,,,,,,,,,,,,,,,,,,,,,,,,,,,,,,,,,,,,,,,,,,,,,,,,,,,,,,,,,,,,,,,,,,,,,
53,Resourcesat-2,Earth observation,ISRO,2011-015A,37387,"1,206 kg (2,659 lb)",1250 watts,"20 April 2011, 04:42 UTC","Polar Satellite Launch Vehicle, PSLV-C16","Satish Dhawan Space Centre, First Launch Pad (FLP)",,,Geocentric orbit,Low Earth Orbit,822 km (511 mi),822 km (511 mi),98.73°,101.35 minutes,,"5 years (planned)10 years, 2 months and 14 days (in progress)",,Indian Space Research Organisation,,,,,,,,,,,,,,,,,Indian Space Research Organisation,,,,,,,https://isro.gov.in/,ResourceSat-2,IRS-1A,,1 July 2011,,,,,,,,,,,,,,,,,,,,,,,,,,,,,,,,,,,,,,,,,,,,,,,,,,,,,,,,,,,,,,,,,,,,,,,,,,,
54,GSAT-8,Communication,INSAT,2011-022A,37605,"3,093 kilograms (6,819 lb)[1]","6,242 watts[1]","20 May 2011, 20:38 (2011-05-20UTC20:38Z) UTC",Ariane 5ECA VA202,Kourou ELA-3,,,Geocentric,Geostationary,,,,,,"Planned: 12 years  Elapsed: 10 years, 1 month, 15 days",,ISRO,,,,,,,,,,,,,,,,55° East,Arianespace,,,,,,,,,I-3K,"1,426 kilograms (3,144 lb)[1]",,24 Ku band and 2 in L1 & L5 bands (GAGAN),,,,,,,,,,,,,,,,,,,,,,,,,,,,,,,,,,,,,,,,,,,,,,,,,,,,,,,,,,,,,,,,,,,,,,,,,,
55,GSAT-12,,ISRO,2011-034A,37746,"1,412 kilograms (3,113 lb)",,"15 July 2011, 11:18 (2011-07-15UTC11:18Z) UTC",PSLV-XL C17,Satish Dhawan SLP,,,Geocentric,Geostationary,"35,782 kilometres (22,234 mi)","35,803 kilometres (22,247 mi)",0.01 degrees,23.93 hours,"25 December 2013, 01:49:32 UTC[2]","Planned: 8 years Elapsed: 9 years, 11 months, 20 days",,,,,,,,,,,,,,,,,,48°E (Relocated: 19 Mar 2021.)  83°E (till 9 Feb 2021),ISRO,,,,,,,,,,"559 kilograms (1,232 lb)[1]",,12 Extended C band,,,,,,,,,,,,,,,,,,,,,,,,,,,,,,,,,,,,,,,,,,,,,,,,,,,,,,,,,,,,,,,,,,,,,,,,,,
56,Megha-Tropiques,,ISRO/CNES,2011-058A,37838,"1,000 kilograms (2,205 lb)",,12 October 2011 (2011-10-12),PSLV-CA C18,Satish Dhawan FLP,,,Geocentric,,860 kilometres (530 mi)[1],874 kilometres (543 mi)[1],19.98 degrees[1],102.15 minutes[1],"25 January 2015, 01:35:41 UTC[1]",3 years (planned)[citation needed],,ISRO,,,,,,,,,,,,,,,,,ISRO,,"7,238.45 kilometres (4,497.76 mi)[1]",0.0009922[1],,,,meghatropiques.ipsl.polytechnique.fr/index.php,,,,,,,,,,,,,,,,,,,,,,,,,,,,,,,,,,,,,,,,,,,,,,,,,,,,,,,,,,,,,,,,,,,,,,,,,,,,,,,
57,Jugnu,,IIT Kanpur,2011-058B,37839,3 kilograms (6.6 lb),,12 October 2011 (2011-10-12),PSLV-CA C18,Satish Dhawan FLP,,,Geocentric,Low Earth,,,,,,,,,,,,,,,,,,,,,,,,,ISRO,,,,,,,,,,,,,,,,,,,,,,,,,,,,,,,,,,,,,,,,,,,,,,,,,,,,,,,,,,,,,,,,,,,,,,,,,,,,,,,,,,,,,,
58,SRMSAT,,SRM Institute of Science and Technology,2011-058D,37841,10 kilograms (22 lb),,12 October 2011 (2011-10-12),PSLV C18,Satish Dhawan FLP,,,Geocentric,Low Earth,,,20 degrees,102.1 minutes,,12 months (planned),,,,,,,,,,,,,,,,,,,,,,,,,,www.teamsrmsat.in,,,,,,,,,,,,,,,,,,,,,,,,,,,,,,,,,,,,,,,,,,,,,,,,,,,,,,,,,,,,,,,,,,,,,,,,,,,,,,,
59,RISAT-1,Earth observationRadar imaging satellite,ISRO,2012-017A,38248,"1,858 kg (4,096 lb) [1]",2.2 kW,"26 April 2012, 00:17 UTC","Polar Satellite Launch Vehicle-XL, PSLV-C19","Satish Dhawan Space Centre, First Launch Pad (FLP)",30 September 2016 [2],,Geocentric orbit,Sun-synchronous orbit,539 km (335 mi),543 km (337 mi),97.55°,95.49 minutes,,5 years (planned)4 years (achieved),,Indian Space Research Organisation,,,,,,,,,,,,,,,31 March 2017 [3][4],,Indian Space Research Organisation,,,,,,,https://www.isro.gov.in/,,RISAT,,19 October 2012 [2],,,,,,,,,,,,,,,,,,,,,,,,,,,,,,,,,14,,,,,,,,,,,,,,,,,,,,,,,,,,,,,,,,,,,,,,,,,,
60,GSAT-10,,,2012-051B,38779,"3,435 kilograms (7,573 lb)",,29 September 2012 (2012-09-29),Ariane 5ECA,Guiana Space Centre ELA-3,,,Geocentric,Geostationary,,,,,,"Planned: 15 years Elapsed: 8 years, 9 months, 5 days",,ISRO Satellite CentreSpace Applications Centre,,,,,,,,,,,,,,,,,Arianespace,,,,,,,,,I-3K,"1,498 kilograms (3,303 lb)[1]",,12 Ku band12 C-band6 Lower Extended C-band2 L1 & L5 bands (GAGAN),,,,,,,,,,,,,,,,,,,,36 megahertz,,,,,,,,,,,,,,,,,,,,,,,,,,,,,,,,,,,,,,,,,,,,,,,,,,,,,,
61,SARAL,Earth observation,ISRO,2013-009A,39086,407 kg (897 lb) [1][2],850 watts,"25 February 2013, 12:31 UTC[3]","Polar Satellite Launch Vehicle-CA, PSLV-C20","Satish Dhawan Space Centre, First Launch Pad (FLP)",,,Geocentric orbit,Sun-synchronous orbit,790 km (490 mi),791 km (492 mi),98.54°,100.54 minutes,,"5 years (planned)8 years, 4 months and 9 days (in progress)",,Indian Space Research Organisation / CNES,,,1 m x 1 m x 0.6 m,,,,,,,,,,,,,,Indian Space Research Organisation,,,,,,,https://isro.gov.in/,SARAL,IMS-2,,25 June 2013,,,,,,,,,,,,,,,,,,,,,,,,,,,,,,,,,,,,,,,,,,,,,,,,,,,,,,,,,,,,,,,,,,,,,,,,,,,
62,IRNSS-1A,,ISRO,2013-034A,39199,"1,425 kilograms (3,142 lb)","1,660 watts","1 July 2013, 18:11 UTC (2013-07-01UTC18:11Z)",PSLV-XL C22,Satish Dhawan FLP,,,Geocentric,Geosynchronous,"35,706.1 km (22,186.7 mi)[1]","35,882.7 km (22,296.5 mi)[1]",29.3°[1],1436.1 minutes[1],"22 January 2015, 16:27:41 UTC[1]",10 years,,ISRO Satellite CentreSpace Applications Centre,,,,,,,,,,,,,,,,55° E,ISRO,,,,,,,,,I-1K,"614 kilograms (1,354 lb)[1]",,,,,,,,,,,,,,,,,,,,,,,,,,,,,,,,,,,,,,,,,,,,,,,,,,,,,,,,,,,,,,,,,,,,,,,,,,,,
63,INSAT-3D,,INSAT,2013-038B,39216,"2,061 kilograms (4,544 lb)",,"25 July 2013, 19:54:07 (2013-07-25UTC19:54:07Z) UTC",Ariane 5ECA,Kourou ELA-3,,,Geocentric,Geostationary,"35,791 kilometres (22,239 mi)","35,795 kilometres (22,242 mi)",0.08 degrees,23.93 hours,"7 November 2013, 23:50:57 UTC[1]","Planned: 7.7 years  Elapsed: 7 years, 11 months, 9 days",,ISRO Satellite CentreSpace Applications Centre,,,,,,,,,,,,,,,,82° East,Arianespace,,,,,,,http://mosdac.gov.in/content/insat-3d,,I-2K,,,,,,,,,,,,,,,,,,,,,,,,,,,,,,,,,,,,,,,,,,,,,,,,,,,,,,,,,,,,,,,,,,,,,,,,,,,,,
64,GSAT-7,,ISRO,2013-044B,39234,"2,650 kilograms (5,840 lb)",3 kilowatts,"29 August 2013, 20:30 (2013-08-29UTC20:30Z) UTC",Ariane 5ECA,Kourou ELA-3,,,Geocentric,Geostationary,"35,779 kilometres (22,232 mi)","35,806 kilometres (22,249 mi)",0.06 degrees,23.93 hours,"7 November 2013, 23:12:49 UTC[1]","Planned: 7 years Elapsed: 7 years, 10 months, 5 days",,ISRO Satellite CentreSpace Applications Centre,,,,,,,,,,,,,,,,74° East,Arianespace,,,,,,,,,I-2K,,,UHFC-bandKu-band,,,,,,,,,,,,,,,,,,,,,,,,,,,,,,,,,,,,,,,,,,,,,,,,,,,,,,,,,,,,,,,,,,,,,,,,,,
65,Mars Orbiter Mission,Mars orbiter,ISRO,2013-060A,39370,"1,337.2 kg (2,948 lb)[3]",840 watts[2],"5 November 2013, 09:08 (2013-11-05UTC09:08) UTC[5][6]",PSLV-XL C25[7],Satish Dhawan FLP,,,,,,,150.0°[8],,,"Planned: 6 months[1]  Elapsed: 6 years, 9 months, 9 days",,ISAC,,,1.5 m (4.9 ft) cube,,,,,,,,,,,,,,ISRO,,,,,,,www.isro.gov.in/pslv-c25-mars-orbiter-mission,,I-1K[2],"482.5 kg (1,064 lb)[3]",,,,,InstrumentsMCCMars Colour CameraTISThermal Infrared Imaging SpectrometerMSMMethane Sensor for MarsMENCAMars Exospheric Neutral Composition AnalyserLAPLyman Alpha Photometer,,,,,,,,,,,,,,,,,,,,,,13.4 kg (30 lb)[3],,,"24 September 2014, 02:10 UTC[8][9]   MSD 50027 06:27 AMT    2474 days / 2408 sols ",,,,,"≈550 kg (1,210 lb)[4]",421.7 km (262.0 mi)[8],"76,993.6 km (47,841.6 mi)[8]",Mars Colour Camera,Thermal Infrared Imaging Spectrometer,Methane Sensor for Mars,Mars Exospheric Neutral Composition Analyser,Lyman Alpha Photometer,,,,,,,,,,,,,,,,,,,,,,,,,,,,,,,,,,
66,GSAT-14,, ISRO,2014-001A,39498,"1,982 kilograms (4,370 lb)","2,600 watts","5 January 2014, 10:48 (2014-01-05UTC10:48Z) UTC[1]",GSLV Mk.II D5,Satish Dhawan SLP,,,Geocentric,Geostationary,"35,776 kilometres (22,230 mi)[2]","35,809 kilometres (22,251 mi)[2]",0.11 degrees[2],1436.12 minutes[2],"22 January 2015, 20:39:21 UTC[2]","Planned: 12 years  Elapsed: 7 years, 5 months, 29 days",,ISRO Satellite CentreSpace Applications Centre,,,,,,,,,,,,,,,,74° East,ISRO,,,,,,,,,I-2K,"851 kilograms (1,876 lb)",,6 Ku band6 ext. C band2 Ka band,,,,,,,,,,,,,,,,,,,,,,,,,,,,,,,,,,,,,,,,,India,,,,,,,,,,,,,,,,,,,,,,,,,,,,,,,,,
67,IRNSS-1B,,ISRO,2014-017A,39635,"1,432 kilograms (3,157 lb)","1,660 watts","4 April 2014, 11:44 UTC (2014-04-04UTC11:44Z)",PSLV-XL C24,Satish Dhawan FLP,,,Geocentric,Geosynchronous,"35,714 km (22,192 mi)[1]","35,870 km (22,290 mi)[1]",30.57 degrees[1],1436.010 minutes[1],"25 January 2015, 01:32:48 UTC[1]",10 years,,ISRO Satellite CentreSpace Applications Centre,,,,,,,,,,,,,,,,55° East,ISRO,,,,,,,http://www.isro.org/pslv-c24/mission.aspx,,I-1K,,,,,,,,,,,,,,,,,,,,,,,,,,,,,,,,,,,,,,,,,,,,,,,,,,,,,,,,,,,,,,,,,,,,,,,,,,,,,
68,PSLV-C26/IRNSS-1C,,ISRO,2014-061A,40269,"1,424.5 kilograms (3,140 lb)[1]","1,660 W[1]","15 October 2014, 20:02 UTC (2014-10-15UTC20:02Z)",PSLV-XL C26,Satish Dhawan FLP,,,Geocentric,Geostationary,"35,697 kilometres (22,181 mi)[2]","35,889 kilometres (22,300 mi)[2]",4.78 degrees[2],1436.12 minutes[2],"23 January 2015, 21:16:09 UTC[2]",10 years[1],,ISRO Satellite CentreSpace Applications Centre,,,,,,,,,,,,,,,,83° East[1],ISRO,,,,,,,,IRNSS-1D,I-1K,"598 kilograms (1,318 lb)",,,,,,,,,,,,,,,,,,,,,,,,,,,,,,,,,,,,,,,,,,,,,,,,,,,,,,,,,,,,,,,,,,,,,,,,,,,,
69,GSAT-16,,ISRO,2014-078A,40332,"3,100 kilograms (6,800 lb)",5.6 kW solar,"6 December 2014, 20:40 (2014-12-06UTC20:40Z) UTC",Ariane 5 ECA,Kourou ELA-3,,,Geocentric,Geostationary,,,,,,12 years (Estimated),,ISRO Satellite CentreSpace Applications Centre,,,,,,,,,,,,,,,,55° East,Arianespace,,,,,,,,,I-3K,,,12 Ku band24 C band12 Extended C band,,,,,,,,,,,,,,,,,,,,36 MHz,,,,,,,,,,,,,,,,,,,,,,,,,,,,,,,,,,,,,,,,,,,,,,,,,,,,,,
70,PSLV-C27/IRNSS-1D,,ISRO,2015-018A,40547,"1,425 kilograms (3,142 lb)","1,660 W","11:49:00, March 28, 2015 (UTC) (2015-03-28T11:49:00UTC)[1]",PSLV-XL C27[2],Satish Dhawan SLP[1],,,Geocentric,Geosynchronous,"35,750.0 km (22,214.0 mi)[3]","35,884.1 km (22,297.3 mi)[3]",30.43 degrees[3],1436.1 minutes[3],"5 May 2015, 20:43:00 UTC[3]",12 years,,ISRO Satellite CentreSpace Applications Centre,,,,,,,,,,,,,,,,111.75° East,ISRO,,,,,,,http://www.isro.gov.in/Spacecraft/irnss-1d,IRNSS-1D,I-1K,"598 kilograms (1,318 lb)",,,,,,,,,,,,,,,,,,,,,,,,,,,,,,,,,,,,,,,,,,,,,,,,,,,,,,,,,,,,,,,,,,,,,,,,,,,,
71,INSAT 4E,Communication,INSAT,2015-041A,40880,"2,117 kilograms (4,667 lb)",2 kilowatts,"27 August 2015, 11:22 (2015-08-27UTC11:22Z) UTC",GSLV Mk.II D6,Satish Dhawan SLP,,,Geocentric,Geostationary,,,,,Planned,"Planned: 9 years Elapsed: 5 years, 10 months, 7 days",,ISRO Satellite CentreSpace Applications Centre,,,,,,,,,,,,,,,,,ISRO,,,,,,,https://www.isro.gov.in/Spacecraft/gsat-6,,I-2K,,,"5, C x S transponders (9 megahertz bandwidth)5, S x C transponders (2.7 megahertz bandwidth)[clarification needed]",,,,,,,,,,,,,,,,,,,,,,,,,,,,,,,,,,,,,,,,,,,,,,,,,,,,,,,,,,,,,,,,,,,,,,,,,,
72,Astrosat,Space observatory,ISRO,2015-052A,40930,"1,513 kg (3,336 lb)",,"September 28, 2015 (2015-09-28)[1][2]",PSLV-C30,Satish Dhawan Space Centre First Launch Pad,,,Geocentric,Near-equatorial,643.5 km,654.9 km,6.0°,97.6 min,,"Planned: 5 years  Elapsed : 5 years, 9 months, 4 days",,,,,,,,,,,,,,,,,,,ISRO,,7020 km,,,,,astrosat.iucaa.in,Astrosat,,,,,,,,,,,,,,,,,,,,,,,,,,,,,,,,,,,,,,,,,,,,,,Far Ultraviolet to hard X-ray,,,,,,,,,,,,,,,,,,,,,,,,,,,,,,,,
73,GSAT-15,,ISRO,2015-065A,41028,"3,164 kg (6,975 lb)[1]","6,200 watts[1]","10 November 2015, 21:34:07 (2015-11-10UTC21:34:07) UTC[3][4]","Ariane 5 ECA, VA-227[3]",Kourou ELA-3,,,Geocentric,Geostationary,"35,774 km (22,229 mi)","35,799 km (22,244 mi)",0.0728°,,"11 June 2017, 00:27:58 UTC[5]","Planned: 12 years[1]  Elapsed: 5 years, 7 months, 22 days",,ISRO Satellite CentreSpace Applications Centre,,,,,,,,,,,,,,,,93.5° E,Arianespace,,,,,,,GSAT-15,,I-3K,"1,440 kg (3,175 lb)[1]",4 January 2016[2],24 × Ku band,,,,,,,,,,,,,,,,,,,,36 MHz,,,,,,,,,,,,,,,,,,,,,,,,,,,,,,,,,,,,,,,,,,,,,,,,,,,,,,
74,PSLV-C31/IRNSS-1E,,ISRO,2016-003A[1],41241[2],"1,425 kilograms (3,142 lb)",1660 W,"09:31:00, 20 January 2016 (UTC) (2016-01-20T09:31:00UTC)",PSLV-C31,Satish Dhawan Second[3],,,Geocentric,Geosynchronous,,,28.09°[4],,,12 years,Satellite,ISRO Satellite CentreSpace Applications Centre,,,,,,,,,,,,,,,,111.75°E[4],ISRO,,,,,,,http://www.isro.gov.in/Spacecraft/irnss-1e,IRNSS-1E,I-1K,"598 kilograms (1,318 lb)",,,,,,,,,,,,,,,,,,,,,,,,,,,,,,,,,,,,,,,,,,,,,,,,,,,,,,,,,,,,,,,,,,,,,,,,,,,,
75,PSLV-C32/IRNSS-1F,,ISRO,2016-015A,41384 [1],"1,425 kilograms (3,142 lb)",1660 W,"10:31:00, March 10, 2016 (UTC) (2016-03-10T10:31:00UTC)",PSLV-XL C32,Satish Dhawan Second,,,Geocentric,Sub-Geosynchronous Transfer Orbit (sub-GTO)[2],284 km (176 mi)[3],"20,657 km (12,836 mi)",32.5 deg E,,,12 years,Satellite,ISRO Satellite CentreSpace Applications Centre,,,,,,,,,,,,,,,,,ISRO,,,,,,,http://www.isro.gov.in/Spacecraft/irnss-1f,IRNSS-1F,I-1K,"598 kilograms (1,318 lb)",,,,,,,,,,,,,,,,,,,,,,,,,,,,,,,,,,,,,,,,,,,,,,,,,,,,,,,,,,,,,,,,,,,,,,,,,,,,
76,PSLV-C33/IRNSS-1G,,ISRO,2016-027A,41469,"1,425 kilograms (3,142 lb)",1600 W,"12:50:00, April 28, 2016 (UTC+05:30) (2016-04-28T12:50:00UTC+05:30)",PSLV-XL C33,Satish Dhawan (First),,,Geocentric,Geosynchronous Orbit (GSO),"35,780.961 km (22,233.258 mi)[1]","35,796.200 km (22,242.727 mi)[1]",4.2637,23:56:12.33,17151.68965311,12 years,Satellite,ISRO Satellite CentreSpace Applications Centre,,,,,,,,,,,,,,,,129.429213 East,ISRO,,,,,,,,IRNSS-1G,I-1K,"598 kilograms (1,318 lb)",,,,,,,,,,,,,,,,,,,,,,,,,,,,,,,,,,,,,,,,,,,,,,,,,,,,,,,,,,,,,,,,,,,,,,,,,,,,
77,Cartosat-2C,Earth observation,ISRO,2016-040A,41599,"728 kg (1,605 lb) [2]",986 watts,"22 June 2016, 03:56 UTC[3]","Polar Satellite Launch Vehicle-XL, PSLV-C34","Satish Dhawan Space Centre, Second Launch Pad (SLP)",,,Geocentric orbit[4],Sun-synchronous orbit,497 km (309 mi),519 km (322 mi),97.46°,94.72 minutes,,5 years (planned)5 years and 12 days (in progress),,Indian Space Research Organisation,,,,,,,,,,,,,,,,,Indian Space Research Organisation,,,,,,,https://www.isro.gov.in/,CartoSat-2C,IRS-2[1],,22 September 2016,,,,InstrumentsPANPanchromatic CameraHRMXHigh-Resolution Multi-Spectral radiometerEvMEvent Monitoring camera,,,,Panchromatic Camera,,,,,,,,,,,,,,,,,,,,,,,,,,,,,,,,,,,,High-Resolution Multi-Spectral radiometer,Event Monitoring camera,,,,,,,,,,,,,,,,,,,,,,,,,,,,,,
78,SathyabamaSat,,ISRO,2016-040B,41600,,,"June 22, 2016",PSLV,Satish Dhawan SLP,,,Geocentric,Low Earth,502.9 km,525.2 km,97.5 degrees,,,5 years,,ISRO,,,,,,,,,,,,,,,,,,,,,,,,,,PSLV-C34,1.5 kg,,,,,,,,,,,,,,,,,,,,,,,,,,,,,,,,,,,,,,,,,,,,,,,,,,,,,,,,,,,,,,,,,,,,,,,,,,,,
79,INSAT-3DR,Weather satellite,INSAT,2016-054A,41752,"2,211 kg (4,874 lb)[1]","1,700 W[1]","8 September 2016, 11:20 (2016-09-08UTC11:20) UTC",GSLV Mk II F05,Satish Dhawan SLP,,,Geocentric,Geostationary,,,,,Planned,"Planned: 10 years  Elapsed: 4 years, 9 months, 23 days",,ISRO Satellite CentreSpace Applications Centre,,,,,,,,,,,,,,,,74° E[1],ISRO,,,,,,,http://mosdac.gov.in/content/insat-3dr,,I-2K,"956 kg (2,108 lb)[1]",,,,,InstrumentsDCSData Collection ServiceSAS&RAdvanced Aided Search & RescueIMAGERINSAT imagerSOUNDERINSAT sounder,,,,,,,,,,,,,,,,,,,,,,,,,,,,,,,,,,,,,,,,,,Data Collection Service,Advanced Aided Search & Rescue,INSAT imager,INSAT sounder,,,,,,,,,,,,,,,,,,,,,,,,,,
80,Pratham,IonosphericTechnology,IIT Bombay,2016-059A,41783,10.15 kilograms (22.4 lb),,"September 26, 2016",PSLV,"Satish Dhawan, Sriharikota, Andhra Pradesh",,,Geocentric,Low Earth,,,,,,4 months,,"Student Satellite Lab, IIT Bombay",,,,,,,,,,,,,,,,,ISRO,,,,,,,"Pratham, IIT Bombay Student Satellite Initiative",,,,,,,,,,,,,,,,,,,,,,,,,,,,,,,,,,,,,,,,,,,,,,,,,,,,,,,,,,,,,,,,,,,,,,,,,,,,,,,
81,ScatSat-1,Earth observation,ISRO,2016-059H,41790,371 kg (818 lb),750 watts,"26 September 2016, 03:42 UTC","Polar Satellite Launch Vehicle, PSLV-C35",Satish Dhawan Space Centre. First Launch Pad (FLP),,,Geocentric orbit,Low Earth orbit,724 km (450 mi),741 km (460 mi),98.1°,99.2 minutes,,"5 years (planned)4 years, 9 months and 9 days (in progress)",,Indian Space Research Organisation,,,,,,,,,,,,,,,,,Indian Space Research Organisation,,,,,,,https://www.isro.gov.in/,,IMS-2,,15 December 2016,,,,,,,,,,,,,,,,,,,,,,,,,,,,,,,,,,,,,,,,,,,,,,,,,,,,,,,,,,,,,,,,,,,,,,,,,,,
82,GSAT-18,Communications,INSAT,2016-060A,41793,"3,404 kg (7,505 lb)[2]","6,474 watts[2]","5 October 2016 (2016-10-05), ≈20:30 UTC[3]","Ariane 5 ECA, VA-231[1]",Guiana Space Centre ELA-3[1],,,Geocentric,Geostationary,"35,750 km (22,214 mi)","35,822 km (22,259 mi)",0.0616°,,11 June 2017 01:46:00 UTC[4],"Planned: 15 years  Elapsed: 4 years, 8 months, 29 days",,ISRO Satellite CentreSpace Applications Centre,,,,,,,,,,,,,,,,74° E,Arianespace[1],,,,,,,GSAT-18,,I-3K[1],"1,480 kg (3,263 lb)[2]",,24 × C band  12 × extended C band  12 × Ku band  2 × Ku beacon,,,,,,,,,,,,,,,,,,,,,,,,,,,,,,,,,,,,,,,,,,,,,,,,,,,,,,,,,,,,,,,,,,,,,,,,,,
83,Resourcesat-2A,Earth observation,ISRO,2016-074A,41877,"1,206 kg (2,659 lb) [1]",1250 watts,"7 December 2016, 04:54 UTC",PSLV-XL PSLV-C36,"Satish Dhawan Space Centre, First Launch Pad (FLP)",,,Geocentric orbit,Low Earth Orbit,817 km (508 mi),817 km (508 mi),98.78°,101.35 minutes,,"5 years (planned)4 years, 6 months and 27 days (in progress)",,Indian Space Research Organisation,,,,,,,,,,,,,,,,,Indian Space Research Organisation,,,,,,,https://www.isro.gov.in/,ResourceSat-2A,,,February 2017,,,,,,,,,,,,,,,,,,,,,,,,,,,,,,,,,,,,,,,,,,,,,,,,,,,,,,,,,,,,,,,,,,,,,,,,,,,
84,Cartosat-2D,Earth observation,ISRO,2017-008A,41948,"714 kg (1,574 lb) [2]",986 watts,"15 February 2017, 03:58 UTC[3]","Polar Satellite Launch Vehicle-XL, PSLV-C37","Satish Dhawan Space Centre, First Launch Pad (FLP)",,,Geocentric orbit[4],Sun-synchronous orbit,504 km (313 mi),512 km (318 mi),97.49°,94.72 minutes,,"5 years (olanned)4 years, 4 months and 19 days (in progress)",,Indian Space Research Organisation,,,2.5 m in height2.4 m in diameter,,,,,,,,,,,,,,Indian Space Research Organisation,,,,,,,https://isro.gov.in/,CartoSat-2D,IRS-2[1],,15 May 2017,,,,InstrumentsPANPanchromatic CameraHRMXHigh-Resolution Multi-Spectral radiometerEvMEvent Monitoring camera,,,,Panchromatic Camera,,,,,,,,,,,,,,,,,,,,,,,,,,,,,,,,,,,,High-Resolution Multi-Spectral radiometer,Event Monitoring camera,,,,,,,,,,,,,,,,,,,,,,,,,,,,,,
85,South Asia Satellite,Communications / Meteorology,ISRO,2017-024A,42695,"2,230 kg (4,916 lb)[1]","3,500 watts[1]","5 May 2017, 11:27 (2017-05-05UTC11:27) UTC[2]",GSLV Mk II-F09[1],Satish Dhawan SLP,,,Geocentric,Geostationary,"35,769 km (22,226 mi)","35,802 km (22,246 mi)",0.0413°,,"5 June 2017, 17:02:43 UTC[3]","Planned: 12 years[1]  Elapsed: 4 years, 1 month, 28 days",,ISRO Satellite CentreSpace Applications Centre,,,1.53 × 1.65 × 2.40 m (5.0 × 5.4 × 7.9 ft)[1],,,,,,,,,,,,,48° E,ISRO,,,,,,,GSAT-9,,I-2K[1],"976 kg (2,152 lb)[1]",,12 × Ku band,,,,,,,,,,,,,,,,,,,,,,,,,,,,,,,,,,,,,,,,,SAARC,,,,,,,,,,,,,,,,,,,,,,,,,,,,,,,,,
86,GSAT-19,Communications,INSAT,2017-031A,42747,"3,136 kg (6,914 lb)[1]","4,500 watts[1]","5 June 2017, 11:58 (2017-06-05UTC11:58) UTC[2]",GSLV Mark III-D1[3],Satish Dhawan SLP,,,Geocentric,Geostationary,"35,470 km (22,040 mi)","35,869 km (22,288 mi)",0.101 deg,"23 hr, 50 min, 10 sec","10 June 2017, 02:29 UTC[5]","Planned: 10 years[1] Elapsed: 4 years, 28 days",,ISRO Satellite CentreSpace Applications Centre,,,2.0 × 1.77 × 3.1 m (6.6 × 5.8 × 10.2 ft)[1],,,,,,,,,,,,,48° E[4],ISRO,,,,,,,GSAT-19,,I-3K,"1,394 kg (3,073 lb)[1]",,"
4 × Ku/Ka forward links
4 × Ku/Ka return links
",,,,,,,,,,,,,,,,,,,,,,,,,,,,,,,,,,,,,,,,,India,,,,,,,,,,,,,,,,,,,,,,,,,,,,,,,,,
87,Noorul Islam Centre for Higher Education,,,,,,,,,,,,,,,,,,,,,,,,,,,,,,,,,,,,,,,,,,,,,www.niuniv.com,,,,,,,,,,,,,,,,,,,,,,,,,,,,,,,,,,,,,,,,,,,,,,,,,,,,,,Lightning to be Lighten,Deemed University,2008,Dr A. P. Majeed Khan,Dr R Perumalsamy,3500,3000,500,"Kumarakovil, Tamil Nadu, 629180, India","Suburban, 300 acres","UGC, AICTE",,,,,,,,,,,,,,,
88,Cartosat-2E,Earth observation,ISRO,2017-036C,42767,"712 kg (1,570 lb) [2]",986 watts,"23 June 2017, 03:59 UTC[3]","PSLV-XL, PSLV-C38","Satish Dhawan Space Centre, First Launch Pad (FLP)",,,Geocentric orbit,Sun-synchronous orbit,495 km (308 mi),510 km (320 mi),97.56°,94.72 minutes,,5 years (planned)4 years and 11 days (in progress),,Indian Space Research Organisation,,,,,,,,,,,,,,,,,Indian Space Research Organisation,,,,,,,https://www.isro.gov.in/,CartoSat-2E,IRS-2[1],,23 September 2017,,,,InstrumentsPANPanchromatic CameraHRMXHigh-Resolution Multi-Spectral radiometerEvMEvent Monitoring camera,,,,Panchromatic Camera,,,,,,,,,,,,,,,,,,,,,,,,,,,,,,,,,,,,High-Resolution Multi-Spectral radiometer,Event Monitoring camera,,,,,,,,,,,,,,,,,,,,,,,,,,,,,,
89,GSAT-17,Communication,Indian National Satellite System,2017-040B,42815,"3,477 kg (7,665 lb)[1][2]","6,200 watts[3]","28 June 2017, 21:15 (2017-06-28UTC21:15) UTC[1][2]","Ariane 5 ECA, VA238[1]","Guiana Space Centre, ELA-3[4]",,,Geocentric,Geostationary,,,,,,"Planned: 15 years  Elapsed: 4 years, 6 days",,ISRO Satellite CentreSpace Applications Centre,,,,,,,,,,,,,,,,93.5° E[2],Arianespace[4],,,,,,,http://www.isro.gov.in/Spacecraft/gsat-17,,I-3K,"1,480 kg (3,263 lb)[3]",,24 × C band  2 × lower C band  12 × upper C band  2 × C-up/S-down  1 × S-up/C-down  1 × DRT & SAR,,,,,,,,,,,,,,,,,,,,,,,,,,,,,,,,,,,,,,,,,"India, Middle East, Southeast Asia[5] and Antarctica[6]",,,,,,,,,,,,,,,,,,,,,,,,,,,,,,,,,
90,IRNSS-1H,Navigation,ISRO,2017-051A,42928,"1,425 kilograms (3,142 lb)",1671 watts,"31 August 2017, 13:30 UTC",PSLV-XL C39,Satish Dhawan SLP,,2 March 2019,Geocentric,,,,,,,Planned: 10 years,,ISRO Satellite CentreSpace Applications CentreAlpha Design et al.[1],,,,,,,,,,,,,,,,,ISRO,Launch vehicle heatshield failure[2],,,,,,https://www.ursc.gov.in/navigation/html/irnss-1h.jsp,,I-1K,"594.35 kilograms (1,310.3 lb)",,,,,,,,,,,,,,,,,,,,,,,,,,,,,,,,,,,,,,,,,,,,,,,,,,,,,,,,,,,,,,,,,,,,,,,,,,,,
91,Cartosat-2F,Earth Observation,ISRO[1],2018-004A,43111,"710 kg (1,570 lb)",986 watts,"12 January 2018, 03:59 UTC","Polar Satellite Launch Vehicle-XL, PSLV-C40","Satish Dhawan Space Centre,First launch Pad (FLP)",,,Geocentric orbit,Sun-synchronous orbit,,,97.47°,94.72 minutes,,"5 years (planned)3 years, 5 months and 23 days (in progress)",,Indian Space Research Organization,,,,,,,,,,,,,,,,,Indian Space Research Organisation,,,,,,,https://www.isro.gov.in/,CartoSat-2F,IRS-2[2],,12 April 2018,,505 km (314 mi),505 km (314 mi),InstrumentsPANPanchromatic CameraHRMXHigh-Resolution Multi-Spectral radiometerEvMEvent Monitoring camera,,,,Panchromatic Camera,,,,,,,,,,,,,,,,,,,,,,,,,,,,,,,,,,,,High-Resolution Multi-Spectral radiometer,Event Monitoring camera,,,,,,,,,,,,,,,,,,,,,,,,,,,,,,
92,Microsat-TD,, ISRO,2018-004T,43128,133.2 kilograms (294 lb),,12 January 2018,PSLV-C40,Satish Dhawan Space Centre (Sriharikota),,27 November 2020,Geocentric,Sun-synchronous orbit,,,96.87°,91.5 minutes,,10 months (planned),,ISRO,,,,,,,,,,,,,,,27 November 2020[1],,,Orbital decay,,,,,,,,IMS-1,,,,350 km (220 mi),350 km (220 mi),,,,,,,,,,,,,,,,,,,,,,,,,,,,,,,,,,,,,,,,,,,,,,,,,,,,,,,,,,,,,,,,,,,,,,,,
93,GSAT-6A,,ISRO,2018-027A,43241,"2,117 kilograms (4,667 lb)","3,119 watts","29 March 2018, 11:26 (2018-03-29UTC11:26) UTC[1]",GSLV Mk.II,Satish Dhawan SLP,,,Geocentric,Geostationary,"29,580 kilometers (15,970 nmi)[2]","36,367 kilometers (19,637 nmi)[2]",3.29 degrees[2],20.8 hours[2],"April 11, 2018[2]",Planned: 10 years,,ISRO Satellite CentreSpace Applications Centre,,,1.53 × 1.65 × 2.4 m (5.0 × 5.4 × 7.9 ft),,,,,,,,,,,,,,ISRO,,"37,552 kilometers (20,276 nmi)[2]",0.1383056[2],,,,www.isro.gov.in/Spacecraft/gsat-6a,,I-2K,,Failed before being operational,,,,,,,,,,,,,,,,,,,,83°E (Planned),,,,,,,,,,,,,1.19302622[2],,,,,,,,,India,,,,,,,,,,,,,,,,,,,158.9 degrees[2],184.72 degrees[2],125.81 degrees[2],17[2],,,,,,,,,,,
94,IRNSS-1I,Navigation,ISRO,2018-035A[1],43286[2],"1,425 kilograms (3,142 lb)",,"11 April 2018, 22:34 UTC[3]",PSLV-XL C41 [4],Satish Dhawan SLP,,,Geocentric,Geosynchronous,,,29°,1450.9 minutes[5],,10 years,,ISRO Satellite CentreSpace Applications Centre,,,,,,,,,,,,,,,,55° E,ISRO,,,,,,,,,,"600 kilograms (1,300 lb)",,,,,,,,,,,,,,,,,,,,,,,,,,,,,,,,,,,,,,,,,,,,,,,,,,,,,,,,,,,,,,,,,,,,,,,,,,,,
95,GSAT-29,Communication,ISRO,2018-089A,43698,"3,423 kg (7,546 lb)[1][2]","solar arrays, batteries","14 November 2018
 11:38 UTC [3]",GSLV Mk III[4],Satish Dhawan SLP,,,Geocentric,Geostationary,,,,,,"Planned: 10 years[1]  Elapsed: 2 years, 7 months, 21 days",,ISRO Satellite CentreSpace Applications Centre,,,,,,,,,,,,,,,,,ISRO,,,,,,,,,I-3K,,,"Ka, Ku, Q band, V band, and optical communication payload[2]",,,,,,,,,,,,,,,,,,,55°E,,,,,,,,,,,,,,,,,,,,,,,,,,,,,,,,,,,,,,,,,,,,,,,,,,,,,,,
96,HySIS,, ISRO,2018-096A,43719,380 kilograms (840 lb),,04:27:30 UTC29 November 2018  (2021-07-05UTC05:00:28Z),PSLV-C43,Satish Dhawan Space Centre (Sriharikota),,,Geocentric,SSO,,,97.95°,97 minutes 26 seconds,,"Planned: 5 years[1]  Elapsed: 2 years, 7 months, 6 days",,,,,2.158 × 1.387 × 1.157 meters (Stowed),,,,,,,,,,,,,,,,,,,,,,,IMS-2,,,,,,,,,,,,,,,,,,,,,,,,,,,,,,,,,,,,,,,,,,,,,,,,,,,,,,,,,,,,,,,,,,,133 orbits,,,,,,,,,,
97,Satellize,,,,,,,,,,,,,,,,,,,,,,,,,,,,,,,,,,,,,,,,,,,,,satellize.com,,,,,,,,,,,,,,,,,,,,,,,,,,,,,,,,,,,,,,,,,,,,,,,,,,,,,,,,,,,,,,,,,,,,,,Aerospace industry,2018; 3 years ago (2018),"Mumbai, India",Mahesh Murthy Asshar Farhan,"Satellite imagery, data gathering, communication",,,,,
98,GSAT-11,Communication,ISRO,2018-100B,43824,"5,854 kilograms (12,906 lb)",13.6 kilowatts,"4 December 2018, 20:37 UTC[1]",Ariane 5 VA246,Guiana Space Centre,,,Geocentric,Geostationary,,,,,,,,ISRO Satellite CentreSpace Applications Centre,,,,,,,,,,,,,,,,74° East[2],"Arianespace, ESA",,,,,,,,,I-6K Bus,,,Ku/Ka band,,,,,,,,,,,,,,,,,,,,16 Gbps,,,,,,,,,,,,,,,,,,,,,,,,,,,,,,,,,,,,,,,,,,,,,,,,,,,,,,
99,GSAT-7A,Communications,Indian Air Force  Indian Army[1],2018-105A,43864,"2,250 kilograms (4,960 lb)",3.3 kilowatts[2],19 December 201810:40 UTC[3],GSLV Mk.II F11,Satish Dhawan SLP,,,Geocentric,Geostationary,,,,,,"Planned: 8 years Elapsed: 2 years, 6 months, 16 days",,ISRO Satellite CentreSpace Applications Centre,,,,,,,,,,,,,,,,,ISRO,,,,,,,,,I-2K,,,Ku band,,,,,,,,,,,,,,,,,,,63°E[4],,,,,,,,,,,,,,,,,,,,,,India,,,,,,,,,,,,,,,,,,,,,,,,,,,,,,,,,
100,Microsat-R,, DRDO[1],2019-006A,43947,"740 kilograms (1,630 lb)",,24 January 2019,PSLV-C44,Satish Dhawan Space Centre (Sriharikota),,,Geocentric,SSO at 274 km altitude,,,,,,,,DRDO[1],,,,,,,,,,,,,,,,,Indian Space Research Organization,Destroyed in Orbit by ASAT (suspected),,,,,,,,,,,,,,,,,,,,,,,,,,,,,,,,,,,,,,,,,,,,,,,,,,,,,,,,,,,,,,,,,,,,,,,,,,,,,,,,,27 March 2019,,,,
101,GSAT-31,Communication,ISRO,2019-007B,44035,"2,536 kg (5,591 lb)","solar arrays, batteries",6 February 2019,Ariance 5 VCA,Kourou ELA-3,,,Geocentric,Geostationary,,,,,,"Planned: 15 years  Elapsed: 2 years, 4 months, 29 days",,ISRO Satellite CentreSpace Applications Centre,,,,,,,,,,,,,,,,,Arianespace,,,,,,,,,I-2K,,,Ku,,,,,,,,,,,,,,,,,,,82.95°E[1] 48°E (Feb to Sept 2019),,,,,,,,,,,,,,,,,,,,,,,,,,,,,,,,,,,,,,,,,,,,,,,,,,,,,,,
102,EMISAT,Reconnaissance,Defence Research and Development Organisation[1],2019-018A,44078,436 kg (961 lb),965 W,1 April 2019 (2019-04Z) UTC,PSLV-QL C45,Satish Dhawan SLP,,,Geocentric,,,749 km (465 mi),98.376 degree,,,"Planned: 5 years  Elapsed: 2 years, 3 months, 3 days",,Defence Research and Development Organisation Indian Space Research Organisation,,,,,,,,,,,,,,,,,Indian Space Research Organisation,,,,,,,www.isro.gov.in/launcher/pslv-c45-emisat-mission,,IMS-2,,,,,,,,,,,,,,,,,,,,,,,,,,,,,,,,,,,,,,,,,,,,,,,,,,,,,,,,,,,,,,,,,,,,,,,,,,,,,
103,RISAT(Radar Imaging Satellite),,ISRO,,,"400 kg (880 lb)-2,000 kg (4,400 lb)",Up to 2200 W,,,,,,,SSO,,,,,,,,ISRO,India,Earth imaging SAR,,Synthetic Aperture Radar,,Operational,5,,1,RISAT-2 (2009),EOS-01 (2020),,,,,,,,,,,Solar,,,,,,,,,,,,,,,,,,,,,,,,,,,,,,,,,,,,,,,,,,,,,,,,,,,,,,,,,,,,,,,,,,,,,,,,,,,,,,4,,,
104,Chandrayaan-2,"Lunar orbiter, lander, rover",Indian Space Research Organisation (ISRO),2019-042A,44441,"Combined (wet): 3,850 kg (8,490 lb) [3][4][5]Combined (dry): 1,308 kg (2,884 lb) [6]Orbiter (wet): 2,379 kg (5,245 lb) [4][5]Orbiter (dry): 682 kg (1,504 lb) [6]Vikram lander (wet): 1,471 kg (3,243 lb) [4][5]Vikram lander (dry): 626 kg (1,380 lb)[6]Pragyan rover: 27 kg (60 lb) [4][5]",Orbiter: 1000 watts [7]Vikram lander: 650 watts [8]Pragyan rover: 50 watts,"22 July 2019, 09:13:12 UTC[9]",GSLV Mark III M1 [10][11],Satish Dhawan Space Centre Second Launch Pad,,,,,,,,,,"
Orbiter: ~ 7.5 years (planned);1 year, 10 months, 3 days (elapsed)
Vikram lander: ≤ 14 days (planned);[1][2]0 days (landing failure)
Pragyan rover: ≤ 14 days (planned);[2]0 days (landing failure)
",,Indian Space Research Organisation (ISRO),,,,,,,,,,,,,,,,,Indian Space Research Organisation (ISRO),,,,,,,www.isro.gov.in/chandrayaan2-home-0,,,,,,,,,,,,,,,,,,,,,,,,,,,,"6 September 2019, 20:23 UTC [13][15]",Lunar south pole (intended),,,,"20 August 2019, 03:32 UTC [12][13]",,,,,,,,,,,,,,,,,,,,,,,,,,,,,,,,,,,,,,,,,,,,100 km (62 mi) [14],100 km (62 mi),Rover
105,Cartosat-3,Earth Observation,ISRO,2019-081A,44804,"1,625 kg (3,583 lb) [1]",2000 watts,"27 November 2019, 03:58 UTC[2]","Polar Satellite Launch Vehicle-XL, PSLV-C47","Satish Dhawan Space Centre, Second Launch Pad (SLP)",,,Geocentric orbit,Sun-synchronous orbit,,,97.5°,100.0 minutes,,"5 years (planned)1 year, 7 months and 7 days (in progress)",,Indian Space Research Organisation,,,,,,,,,,,,,,,,,Indian Space Research Organisation,,,,,,,https://www.isro.gov.in/,CartoSat-3,IRS-2,,24 February 2020,,450 km (280 mi),450 km (280 mi),,,,,,,,,,,,,,,,,,,,,,,,,,,,,,,,,,,,,,,,,,,,,,,,,,,,,,,,,,,,,,,,,,,,,,,,
106,RISAT-2BR1,Earth observationRadar imaging satellite,ISRO,2019-089F,44857,"615 kg (1,356 lb) [1][2]",2 kW,"11 December 2019, 09:55 UTC","Polar Satellite Launch Vehicle, PSLV-C48","Satish Dhawan Space Centre, First Launch Pad (FLP)",,,Geocentric orbit,Low Earth orbit,555 km (345 mi),555 km (345 mi),37.0°,90.0 minutes,,"5 years (planned)1 year, 6 months and 23 days (in progress)",,Indian Space Research Organisation,,,,,,,,,,,,,,,,,Indian Space Research Organisation,,,,,,,https://www.isro.gov.in/,RISAR-2BR1,RISAT,,March 2020,,,,,,,,,,,,,,,,,,,,,,,,,,,,,,,,,,,,,,,,,,,,,,,,,,,,,,,,,,,,,,,,,,,,,,,,,,,
107,GSAT 30,Communications,ISRO,2020-005A [1],45026,"3,357 kg (7,401 lb) [2][3]",6000 watts,"16 January 2020, 21:05 UTC[4]",Ariance 5 ECA (VA-251),"Kourou, ELA-3",,,Geocentric orbit,Geostationary orbit,,,,,,"15 years (planned)1 year, 5 months, 10 days (elapsed)",,ISRO Satellite CentreSpace Applications Centre,,,,,,,,,,,,,,,,83.0° East [2][3],Arianespace,,,,,,,,,I-3K,,,12 × C-band12 × Ku-band,,,,,,,,,,,,,,,,,,,,,,,,,,,,,,,,,,,,,,,,,"Asia, Australia",,,,,,,,,,,,,,,,,,,,,,,,,,,,,,,,,
108,EOS-01,Radar imagingEarth observation satellite,ISRO,2020-081A,46905,"615 kg (1,356 lb)",2 kW[1],"7 November 2020, 09:41 UTC[2]","PSLV-DL, PSLV-C49","Satish Dhawan Space Centre, First Launch Pad (FLP)",,,Geocentric orbit,Low Earth orbit,,,36.9°,90.0 minutes,,5 years (planned)7 months and 27 days (in progress),,Indian Space Research Organisation,,,,,,,,,,,,,,,,,Indian Space Research Organisation,,,,,,,https://www.isro.gov.in,EOS-01,RISAT,,February 2021,,,,,,,,,,,,,,,,,,,,,,,,,,,,,,,555 km (345 mi),,,,,,,,,,,,,,,,,,,,,,,,,,,,,,,,,,,,,,,,,,,,
109,CMS-01,Communications,ISRO,2020-099A,47256,1425 kg [2],1500 watts [3],"17 December 2020, 10:11 UTC",PSLV-XL C50[4],"Satish Dhawan, Site SLP",,,Geocentric orbit,Geostationary orbit,,,,,,"Planned: >7 years  Elapsed: 6 months, 17 days",,ISRO,,,,,,,,,,,,,,,,83.0° E,ISRO,,,,,,,,,I-1K[1],,,Extended C-band[5],,,,,,,,,,,,,,,,,,,,,,,,,,,,,,,,,,,,,,,,,"Indian mainland, Andaman and Nicobar Islands and Lakshadweep Islands",,,,,,,,,,,,,,,,,,,,,,,,,,,,,,,,,
110,Aryabhata,Astrophysics,ISRO,1975-033A,07752,360 kilograms (790 lb)[1][2],46 watts[2],"19 April 1975, 07:30 (1975-04-19UTC07:30Z) UTC[3]",Kosmos-3M[4],Kapustin Yar 107/2,March 1981 (1981-04)[2],10 February 1992[2],Geocentric,Low Earth,563 kilometres (350 mi)[2],619 kilometres (385 mi)[2],50.7 degrees[2],96.46 minutes,19 May 1975[5],,,,,,,,,,,,,,,,,,,,,,,,,,,,,,,,,,,,,,,,,,,,,,,,,,,,,,,,,,,,,,,,,,,,,,,,,,,,,,,,,,,,,,,,,,,,,,,,,,,,,,,,,,
111,Ariane Passenger Payload Experiment,,EADS Astrium,1981-057B,12545,350 kilograms (770 lb),,19 June 1981 (1981-06-19),Ariane 1,Kourou ELA-1,,,Geocentric,Geostationary,,,,,,"2 years, 3 months",, ISRO,,,,,,,,,,,,,,,19 September 1983 (1983-09-20),102° East,,,,,,,,,,,,,,,,,,,,,,,,,,,,,,,,,,,,,,,,,,,,,,,,,,,,,,,,,,,,,,,,,,,,,,,,,,,,,,,,,,,,,,,
112,INSAT 4A,Communications,INSAT,2005-049A,28911,"3,081 kilograms (6,792 lb)","5,922 watts","22 December 2005, 22:33 (2005-12-22UTC22:33Z) UTC",Ariane 5GS,Kourou ELA-3,,,Geocentric,Geostationary,,,,24 hours,,"Planned: 12 years Achieved: 13 years, 9 months, 29 days",,ISRO,,,2.8 x 1.7 x 2.0 m,,,,,,,,,,,,21 October 2019 (2019-10-22)[2],,Arianespace,Moved to a graveyard orbit,,,,,,INSAT 4A,,I-3K,"1,386 kilograms (3,056 lb)[1]",,12 Ku band12 C-band,,,,,,,,,,,,,,,,,,,83° East (0°N 83°E﻿ / ﻿0°N +83°E﻿ / 0; +83Coordinates: 0°N 83°E﻿ / ﻿0°N +83°E﻿ / 0; +83),36 megahertz,140 & 63 watts,51 & 38 dbW,,,,,,,,,,,,,,,,,,,,,,,,,,,,,,,,,,,,,,,,,,,,,,,,,,,,
113,INSAT-4B,,INSAT,2007-007A,30793,"3,028 kilograms (6,676 lb)",watts,"11 March 2007, 22:03 (2007-03-11UTC22:03Z) UTC[1]",Ariane 5ECA,Kourou ELA-3,,,Geocentric,Geostationary,"35,776 kilometres (22,230 mi)","35,809 kilometres (22,251 mi)",0.07 degrees,23.93 hours,"11 November 2013, 22:16:22 UTC[2]","Planned: 12 years Duration: 14 years, 3 months, 21 days",,ISRO,,,,,,,,,,,,,,,,"85.5° E (relocated on 20 Feb 2020)
83° E (relocated on 12 Oct 2019)
111.2° E (relocated on 18 Dec 2017)

93.48° E (till 11 Nov 2017)",Arianespace,,"42,163.57 kilometres (26,199.23 mi)",0.0003909,,,,,,I-3K,"1,335 kilograms (2,943 lb)",,,,,,,,,,,,,,,,,,,,,,,,,,,,,,,,,,,,,,,,,,,,,,,,,,,,,,,,,,,,,,,,,,,,,,,,,,,,
114,GSAT-8,Communication,INSAT,2011-022A,37605,"3,093 kilograms (6,819 lb)[1]","6,242 watts[1]","20 May 2011, 20:38 (2011-05-20UTC20:38Z) UTC",Ariane 5ECA VA202,Kourou ELA-3,,,Geocentric,Geostationary,,,,,,"Planned: 12 years  Elapsed: 10 years, 1 month, 15 days",,ISRO,,,,,,,,,,,,,,,,55° East,Arianespace,,,,,,,,,I-3K,"1,426 kilograms (3,144 lb)[1]",,24 Ku band and 2 in L1 & L5 bands (GAGAN),,,,,,,,,,,,,,,,,,,,,,,,,,,,,,,,,,,,,,,,,,,,,,,,,,,,,,,,,,,,,,,,,,,,,,,,,,
115,GSAT-10,,,2012-051B,38779,"3,435 kilograms (7,573 lb)",,29 September 2012 (2012-09-29),Ariane 5ECA,Guiana Space Centre ELA-3,,,Geocentric,Geostationary,,,,,,"Planned: 15 years Elapsed: 8 years, 9 months, 5 days",,ISRO Satellite CentreSpace Applications Centre,,,,,,,,,,,,,,,,,Arianespace,,,,,,,,,I-3K,"1,498 kilograms (3,303 lb)[1]",,12 Ku band12 C-band6 Lower Extended C-band2 L1 & L5 bands (GAGAN),,,,,,,,,,,,,,,,,,,,36 megahertz,,,,,,,,,,,,,,,,,,,,,,,,,,,,,,,,,,,,,,,,,,,,,,,,,,,,,,
116,GSAT-16,,ISRO,2014-078A,40332,"3,100 kilograms (6,800 lb)",5.6 kW solar,"6 December 2014, 20:40 (2014-12-06UTC20:40Z) UTC",Ariane 5 ECA,Kourou ELA-3,,,Geocentric,Geostationary,,,,,,12 years (Estimated),,ISRO Satellite CentreSpace Applications Centre,,,,,,,,,,,,,,,,55° East,Arianespace,,,,,,,,,I-3K,,,12 Ku band24 C band12 Extended C band,,,,,,,,,,,,,,,,,,,,36 MHz,,,,,,,,,,,,,,,,,,,,,,,,,,,,,,,,,,,,,,,,,,,,,,,,,,,,,,
117,GSAT-15,,ISRO,2015-065A,41028,"3,164 kg (6,975 lb)[1]","6,200 watts[1]","10 November 2015, 21:34:07 (2015-11-10UTC21:34:07) UTC[3][4]","Ariane 5 ECA, VA-227[3]",Kourou ELA-3,,,Geocentric,Geostationary,"35,774 km (22,229 mi)","35,799 km (22,244 mi)",0.0728°,,"11 June 2017, 00:27:58 UTC[5]","Planned: 12 years[1]  Elapsed: 5 years, 7 months, 22 days",,ISRO Satellite CentreSpace Applications Centre,,,,,,,,,,,,,,,,93.5° E,Arianespace,,,,,,,GSAT-15,,I-3K,"1,440 kg (3,175 lb)[1]",4 January 2016[2],24 × Ku band,,,,,,,,,,,,,,,,,,,,36 MHz,,,,,,,,,,,,,,,,,,,,,,,,,,,,,,,,,,,,,,,,,,,,,,,,,,,,,,
118,GSAT-18,Communications,INSAT,2016-060A,41793,"3,404 kg (7,505 lb)[2]","6,474 watts[2]","5 October 2016 (2016-10-05), ≈20:30 UTC[3]","Ariane 5 ECA, VA-231[1]",Guiana Space Centre ELA-3[1],,,Geocentric,Geostationary,"35,750 km (22,214 mi)","35,822 km (22,259 mi)",0.0616°,,11 June 2017 01:46:00 UTC[4],"Planned: 15 years  Elapsed: 4 years, 8 months, 29 days",,ISRO Satellite CentreSpace Applications Centre,,,,,,,,,,,,,,,,74° E,Arianespace[1],,,,,,,GSAT-18,,I-3K[1],"1,480 kg (3,263 lb)[2]",,24 × C band  12 × extended C band  12 × Ku band  2 × Ku beacon,,,,,,,,,,,,,,,,,,,,,,,,,,,,,,,,,,,,,,,,,,,,,,,,,,,,,,,,,,,,,,,,,,,,,,,,,,
119,GSAT-17,Communication,Indian National Satellite System,2017-040B,42815,"3,477 kg (7,665 lb)[1][2]","6,200 watts[3]","28 June 2017, 21:15 (2017-06-28UTC21:15) UTC[1][2]","Ariane 5 ECA, VA238[1]","Guiana Space Centre, ELA-3[4]",,,Geocentric,Geostationary,,,,,,"Planned: 15 years  Elapsed: 4 years, 6 days",,ISRO Satellite CentreSpace Applications Centre,,,,,,,,,,,,,,,,93.5° E[2],Arianespace[4],,,,,,,http://www.isro.gov.in/Spacecraft/gsat-17,,I-3K,"1,480 kg (3,263 lb)[3]",,24 × C band  2 × lower C band  12 × upper C band  2 × C-up/S-down  1 × S-up/C-down  1 × DRT & SAR,,,,,,,,,,,,,,,,,,,,,,,,,,,,,,,,,,,,,,,,,"India, Middle East, Southeast Asia[5] and Antarctica[6]",,,,,,,,,,,,,,,,,,,,,,,,,,,,,,,,,
120,GSAT-11,Communication,ISRO,2018-100B,43824,"5,854 kilograms (12,906 lb)",13.6 kilowatts,"4 December 2018, 20:37 UTC[1]",Ariane 5 VA246,Guiana Space Centre,,,Geocentric,Geostationary,,,,,,,,ISRO Satellite CentreSpace Applications Centre,,,,,,,,,,,,,,,,74° East[2],"Arianespace, ESA",,,,,,,,,I-6K Bus,,,Ku/Ka band,,,,,,,,,,,,,,,,,,,,16 Gbps,,,,,,,,,,,,,,,,,,,,,,,,,,,,,,,,,,,,,,,,,,,,,,,,,,,,,,
121,GSAT-31,Communication,ISRO,2019-007B,44035,"2,536 kg (5,591 lb)","solar arrays, batteries",6 February 2019,Ariance 5 VCA,Kourou ELA-3,,,Geocentric,Geostationary,,,,,,"Planned: 15 years  Elapsed: 2 years, 4 months, 29 days",,ISRO Satellite CentreSpace Applications Centre,,,,,,,,,,,,,,,,,Arianespace,,,,,,,,,I-2K,,,Ku,,,,,,,,,,,,,,,,,,,82.95°E[1] 48°E (Feb to Sept 2019),,,,,,,,,,,,,,,,,,,,,,,,,,,,,,,,,,,,,,,,,,,,,,,,,,,,,,,
122,GSAT 30,Communications,ISRO,2020-005A [1],45026,"3,357 kg (7,401 lb) [2][3]",6000 watts,"16 January 2020, 21:05 UTC[4]",Ariance 5 ECA (VA-251),"Kourou, ELA-3",,,Geocentric orbit,Geostationary orbit,,,,,,"15 years (planned)1 year, 5 months, 10 days (elapsed)",,ISRO Satellite CentreSpace Applications Centre,,,,,,,,,,,,,,,,83.0° East [2][3],Arianespace,,,,,,,,,I-3K,,,12 × C-band12 × Ku-band,,,,,,,,,,,,,,,,,,,,,,,,,,,,,,,,,,,,,,,,,"Asia, Australia",,,,,,,,,,,,,,,,,,,,,,,,,,,,,,,,,
