,Company,Rating,Position,Experience,Salary,Location,Skills,Link
0,Global Analytics India Pvt. Ltd,3.7,Team Lead/ Sr. Scientist- Analytics & Data Science,Global Analytics India Pvt. Ltd,Not disclosed,"Chennai, Delhi / NCR",predictive modellingAnalyticalSQLRPythonIT SkillsRisk AnalyticsTeam Leading,https://www.naukri.com/job-listings-team-lead-sr-scientist-analytics-data-science-global-analytics-india-pvt-ltd-chennai-delhi-ncr-3-to-8-years-110920002909?src=jobsearchDesk&sid=16254837406211103&xp=1&px=2
1,Vikatan,4.6,Data Science / Machine Learning stream project intern,Vikatan,Not disclosed,Chennai,Computer sciencePrintingPower housePublishingdata scienceMachine learningManager Technologydigital transformation,https://www.naukri.com/job-listings-data-science-machine-learning-stream-project-intern-vikatan-chennai-0-to-1-years-270619501373?src=jobsearchDesk&sid=16254837406211103&xp=2&px=2
2,Shell India Markets Private Limited,4.1,Data Science Team Lead - Retail,Shell India Markets Private Limited,Not disclosed,Chennai,SpotfireMultivariate AnalysisRFactor AnalysisAlteryxTime SeriesTableauData Analytics,https://www.naukri.com/job-listings-data-science-team-lead-retail-shell-india-markets-private-limited-chennai-8-to-10-years-160621907675?src=jobsearchDesk&sid=16254837406211103&xp=3&px=2
3,firstlight.ai,Nan,Junior Data Science,firstlight.ai,Not disclosed,Chennai,Law enforcementArchitecturedata scienceRelationshipJavascriptDatabase administrationJSONStored procedures,https://www.naukri.com/job-listings-junior-data-science-firstlight-ai-chennai-0-to-3-years-190521501221?src=jobsearchDesk&sid=16254837406211103&xp=4&px=2
4,Myna Solutions,Nan,Data Science Engineer,Myna Solutions,Not disclosed,Chennai,Data SciencePredictive ModelingXgboostData VisualizationTableauMachine LearningDeep LearningPython,https://www.naukri.com/job-listings-data-science-engineer-myna-solutions-chennai-5-to-10-years-150621903339?src=jobsearchDesk&sid=16254837406211103&xp=5&px=2
5,AVE-Promagne,Nan,Associate Director - Data science,AVE-Promagne,Not disclosed,Chennai,verbal communicationwrittenRPythonIT SkillsData ScienceMachine LearningTeam Management,https://www.naukri.com/job-listings-associate-director-data-science-ave-promagne-chennai-10-to-20-years-040621905417?src=jobsearchDesk&sid=16254837406211103&xp=6&px=2
6,Sitel India Pvt Ltd,3.8,Data science -NLP,Sitel India Pvt Ltd,Not disclosed,Chennai,Data ScienceScipyNLPPyTorchPandasNatural Language ProcessingJavascriptKeras,https://www.naukri.com/job-listings-data-science-nlp-sitel-india-pvt-ltd-chennai-7-to-12-years-261120002611?src=jobsearchDesk&sid=16254837406211103&xp=7&px=2
7,Perfect Digital Media Resources Pvt Ltd,4.3,Data Analyst - Bio Science,Perfect Digital Media Resources Pvt Ltd,Not disclosed,Chennai,Data AnalystSubject Matter ExpertResearch,https://www.naukri.com/job-listings-data-analyst-bio-science-perfect-digital-media-resources-pvt-ltd-chennai-2-to-3-years-210521500396?src=jobsearchDesk&sid=16254837406211103&xp=8&px=2
8,OEConnection,3.5,Senior Data Science Engineer,OEConnection,Not disclosed,Chennai,advanced analyticsdata scienceSimulationHP data protectorAnalyticalMachine learningManager TechnologyPredictive modeling,https://www.naukri.com/job-listings-senior-data-science-engineer-oeconnection-chennai-3-to-6-years-300321501434?src=jobsearchDesk&sid=16254837406211103&xp=9&px=2
9,T2 Innovations,Nan,Senior Engineer - AI (Data Science Focus),T2 Innovations,Not disclosed,Chennai,Computer sciencePrototypedata scienceImage processingMachine learningAgileData structuresHTML,https://www.naukri.com/job-listings-senior-engineer-ai-data-science-focus-t2-innovations-chennai-4-to-6-years-020221500861?src=jobsearchDesk&sid=16254837406211103&xp=10&px=2
10,Oportun ,Nan,Senior Director -  Data Science and Analytics,Oportun ,Not disclosed,Chennai,Artificial IntelligenceMachine LearningPythonPredictive ModelingTensorflowNatural Language ProcessingText MiningDeep Learning,https://www.naukri.com/job-listings-senior-director-data-science-and-analytics-oportun-chennai-15-to-20-years-190621001102?src=jobsearchDesk&sid=16254837406211103&xp=11&px=2
11,Oportun ,Nan,Senior Manager -  Data Science,Oportun ,Not disclosed,Chennai,PandasMachine LearningPythonData SciencePredictive ModelingLogistic RegressionArtificial IntelligenceNatural Language Processing,https://www.naukri.com/job-listings-senior-manager-data-science-oportun-chennai-12-to-15-years-140621004707?src=jobsearchDesk&sid=16254837406211103&xp=12&px=2
12,Imbibe Consultancy Services Pvt Ltd ,Nan,Data science Engineer,Imbibe Consultancy Services Pvt Ltd ,Not disclosed,"Hyderabad/Secunderabad, Gurgaon/Gurugram, Chennai, Bangalore/Bengaluru",Data MiningWeb ServicesPythonRSLQIT SkillsScalaData Structures,https://www.naukri.com/job-listings-data-science-engineer-imbibe-consultancy-services-pvt-ltd-hyderabad-secunderabad-gurgaon-gurugram-chennai-bangalore-bengaluru-4-to-8-years-300621002886?src=jobsearchDesk&sid=16254837406211103&xp=13&px=2
13,Indix,Nan,Software Engineer - Data Science,Indix,Not disclosed,Chennai,Computer scienceData modelingAnalyticalMachine learningProgrammingInformation retrievaldata visualizationData mining,https://www.naukri.com/job-listings-software-engineer-data-science-indix-chennai-2-to-5-years-150120500216?src=jobsearchDesk&sid=16254837406211103&xp=14&px=2
14,Crayon-Data,3.5,Head Of Data Science,Crayon-Data,Not disclosed,Chennai,Product managementdeep learningNoSQLdata scienceAviationMachine learningMayabig data,https://www.naukri.com/job-listings-head-of-data-science-crayon-data-chennai-7-to-11-years-250219503018?src=jobsearchDesk&sid=16254837406211103&xp=15&px=2
15,Synergistic Compusoft Private Limited,Nan,Machine Learning/DATA Science Trainer – FULL TIME/PART TIME - WFH,Synergistic Compusoft Private Limited,Not disclosed,"Pune, Gurgaon/Gurugram, Chennai",Data ScienceTrainerMachine LearningcommunicationscienceJavaTableauNET,https://www.naukri.com/job-listings-machine-learning-data-science-trainer-full-time-part-time-wfh-synergistic-compusoft-private-limited-pune-gurgaon-gurugram-chennai-7-to-10-years-090621002431?src=jobsearchDesk&sid=16254837406211103&xp=16&px=2
16,Career Soft Solutions,3.8,Python / Data Science Architect,Career Soft Solutions,Not disclosed,Chennai,CodingSystem integrationMachine learningAgileApplication developmentData miningMATLABSQL,https://www.naukri.com/job-listings-python-data-science-architect-career-soft-solutions-chennai-10-to-15-years-240321501054?src=jobsearchDesk&sid=16254837406211103&xp=17&px=2
17,Buckman,Nan,Data Science Lead,Buckman,Not disclosed,Chennai,Computer scienceProduct qualityWater treatmentAnalyticalMachine learningData miningMATLABAnalytics,https://www.naukri.com/job-listings-data-science-lead-buckman-chennai-8-to-13-years-220820500069?src=jobsearchDesk&sid=16254837406211103&xp=18&px=2
18,Oportun Inc,Nan,"Manager , Data Science",Oportun Inc,Not disclosed,Chennai,Computer scienceLoansLogistic regressionProject planningRisk managementStakeholder managementFinancial servicesMonitoring,https://www.naukri.com/job-listings-manager-data-science-oportun-inc-chennai-7-to-10-years-210521501239?src=jobsearchDesk&sid=16254837406211103&xp=19&px=2
19,ARMSOFTECH PRIVATE LIMITED ,3.3,Immediate Hiring - Data Science Expertise (Speech Researcher),ARMSOFTECH PRIVATE LIMITED ,Not disclosed,Chennai,ASRTTSpeech RecognitionSpeech to speechRedhat LinuxC++cSpeech Analytics,https://www.naukri.com/job-listings-immediate-hiring-data-science-expertise-speech-researcher-armsoftech-private-limited-chennai-2-to-7-years-090621002491?src=jobsearchDesk&sid=16254837406211103&xp=20&px=2
20,Inflexion Analytix Private Limited,Nan,Data Scientist / Data Analyst -Business Analyst,Inflexion Analytix Private Limited,"3,50,000 - 4,50,000 PA.","Hyderabad/Secunderabad, Chennai, Bangalore/Bengaluru",IT SkillsPythonData ScienceMachine LearningArtificial IntelligenceCloudBusiness IntelligencePower Bi,https://www.naukri.com/job-listings-data-scientist-data-analyst-business-analyst-inflexion-analytix-private-limited-hyderabad-secunderabad-chennai-bangalore-bengaluru-0-to-3-years-020721003625?src=jobsearchDesk&sid=16254837572667374&xp=1&px=3
21,Hucon Solutions,Nan,Data Science-Lead - Need Immediate Joiners,Hucon Solutions,Not disclosed,Chennai,R AnalyticsPythonmachine learningHadoopstatistical analysisbig dataIT SkillsData Science,https://www.naukri.com/job-listings-data-science-lead-need-immediate-joiners-hucon-solutions-chennai-10-to-15-years-250521907751?src=jobsearchDesk&sid=16254837572667374&xp=2&px=3
22,CHANGE LEADERS CONSULTING,Nan,Scrum Master( With AWS devops and Data Science ),CHANGE LEADERS CONSULTING,Not disclosed,Chennai,IT SkillsPythonData ScienceDevOpsProject ManagementAWSBPOscrum master,https://www.naukri.com/job-listings-scrum-master-with-aws-devops-and-data-science-change-leaders-consulting-chennai-7-to-12-years-190421600389?src=jobsearchDesk&sid=16254837572667374&xp=3&px=3
23,PFIZER LIMITED,4.2,"Associate Director, Asset Lead, Clinical Data Sciences, DMM",PFIZER LIMITED,Not disclosed,Chennai,Due diligenceData managementEDCClinical trialsData collectionClinical researchData qualityLicensing,https://www.naukri.com/job-listings-associate-director-asset-lead-clinical-data-sciences-dmm-pfizer-limited-chennai-11-to-16-years-150521500582?src=jobsearchDesk&sid=16254837572667374&xp=4&px=3
24,QuickXpert Infotech,Nan,Data Science Trainee,QuickXpert Infotech,Not disclosed,"Kolkata, Thane, Hyderabad/Secunderabad, Pune, Chennai, Ahmedabad, Delhi / NCR, Bangalore/Bengaluru, Mumbai (All Areas)",pythonIT SkillsData ScienceoracleOracle Developeraipython developerpython programmer,https://www.naukri.com/job-listings-data-science-trainee-quickxpert-infotech-kolkata-thane-hyderabad-secunderabad-pune-chennai-ahmedabad-delhi-ncr-bangalore-bengaluru-mumbai-all-areas-0-to-5-years-230920005213?src=jobsearchDesk&sid=16254837572667374&xp=5&px=3
25,Crayon-Data,3.5,Head Of Data Science,Crayon-Data,Not disclosed,Chennai,Product managementdeep learningNoSQLdata scienceAviationMachine learningMayabig data,https://www.naukri.com/job-listings-head-of-data-science-crayon-data-chennai-7-to-11-years-250219503018?src=jobsearchDesk&sid=16254837572667374&xp=6&px=3
26,ExecBoardinAsia,Nan,Senior Data Manager - Clinical Data Sciences,ExecBoardinAsia,Not disclosed,Chennai,Operational excellenceData managementEDCDatabase designClinical trialsData collectionManager Quality ControlContinuous improvement,https://www.naukri.com/job-listings-senior-data-manager-clinical-data-sciences-execboardinasia-chennai-5-to-10-years-140621500084?src=jobsearchDesk&sid=16254837572667374&xp=7&px=3
27,ExecBoardinAsia,Nan,"Senior Data Manager, Clinical Data Sciences",ExecBoardinAsia,Not disclosed,Chennai,BiometricsOperational excellenceData managementEDCDatabase designClinical trialsManager Quality ControlContinuous improvement,https://www.naukri.com/job-listings-senior-data-manager-clinical-data-sciences-execboardinasia-chennai-11-to-15-years-030621500797?src=jobsearchDesk&sid=16254837572667374&xp=8&px=3
28,GLOBALTALEX PRIVATE LIMITED ,Nan,Associate Director - Data Science | Remote,GLOBALTALEX PRIVATE LIMITED ,Not disclosed,"Chennai, Bangalore/Bengaluru",PythonML algorithmsRMLdata scienceIT SkillsData AnalysisData Analytics,https://www.naukri.com/job-listings-associate-director-data-science-remote-globaltalex-private-limited-chennai-bangalore-bengaluru-10-to-15-years-240521000925?src=jobsearchDesk&sid=16254837572667374&xp=9&px=3
29,Professional Consultants ,Nan,Data Analyst/Data Engineer/Data Scientist/ML Expert,Professional Consultants ,"15,00,000 - 30,00,000 PA.","Pune, Chennai, Bangalore/Bengaluru",Big Data AnalyticsPower BiBusiness AnalyticsData MiningTableauMachine LearningSQLData Science,https://www.naukri.com/job-listings-data-analyst-data-engineer-data-scientist-ml-expert-professional-consultants-pune-chennai-bangalore-bengaluru-3-to-8-years-280621012121?src=jobsearchDesk&sid=16254837572667374&xp=10&px=3
30,Nielsen,3.8,Senior Data Scientist,Nielsen,Not disclosed,"Chennai, Bangalore/Bengaluru, Vadodara",Data ScienceRNLPNeural NetworksStatistical ModelingText MiningMachine LearningDeep Learning,https://www.naukri.com/job-listings-senior-data-scientist-nielsen-india-private-limited-chennai-bangalore-bengaluru-vadodara-baroda-3-to-5-years-290621001647?src=jobsearchDesk&sid=16254837572667374&xp=11&px=3
31,EY Global Delivery Service,3.7,Looking For Senior Data Modeller,EY Global Delivery Service,Not disclosed,"Hyderabad/Secunderabad, Chennai, Bangalore/Bengaluru",IT SkillsData ScienceMachine LearningCloudBig DataBusiness IntelligenceData ManagementData Analysis,https://www.naukri.com/job-listings-looking-for-senior-data-modeller-ey-global-delivery-service-hyderabad-secunderabad-chennai-bangalore-bengaluru-5-to-9-years-040721000349?src=jobsearchDesk&sid=16254837572667374&xp=12&px=3
32,Advent HR Solutions ,Nan,NLP Data Science Engineer / OpenSource Framework / Intl BPO,Advent HR Solutions ,"4,00,000 - 8,50,000 PA.",Chennai,NLTKtensorflowNLPdata sciencepytorchText Blob  Stanford CoreNLPSpacy,https://www.naukri.com/job-listings-nlp-data-science-engineer-opensource-framework-intl-bpo-advent-hr-solutions-chennai-3-to-7-years-080621007278?src=jobsearchDesk&sid=16254837572667374&xp=13&px=3
33,Shell India Markets Private Limited,4.1,Data Scientist - Retail,Shell India Markets Private Limited,Not disclosed,Chennai,Data ScienceMultivariate AnalysisRExploratory Data AnalysisFactor AnalysisTime SeriesDecision TreesSentiment Analysis,https://www.naukri.com/job-listings-data-scientist-retail-shell-india-markets-private-limited-chennai-5-to-7-years-230621907317?src=jobsearchDesk&sid=16254837572667374&xp=14&px=3
34,Shell India Markets Private Limited,4.1,Data Scientist - Space Planner,Shell India Markets Private Limited,Not disclosed,Chennai,Data ScienceCategory ManagementCommunication SkillsService LevelInterpersonal CommunicationBusiness InsightsMerchandisingSoftware Design,https://www.naukri.com/job-listings-data-scientist-space-planner-shell-india-markets-private-limited-chennai-7-to-9-years-030721904630?src=jobsearchDesk&sid=16254837572667374&xp=15&px=3
35,Shell India Markets Private Limited,4.1,Associate Data Scientist,Shell India Markets Private Limited,Not disclosed,Chennai,Data ScienceSpotfireMultivariate AnalysisRPower BIAlteryxdata processingMachine learning,https://www.naukri.com/job-listings-associate-data-scientist-shell-india-markets-private-limited-chennai-3-to-5-years-030721900560?src=jobsearchDesk&sid=16254837572667374&xp=16&px=3
36,zBliss Technologies,Nan,Data Scientist Intern,zBliss Technologies,Not disclosed,"Chennai, Bengaluru",Data analysisData managementdata scienceInternCodingProject managementMachine learningHealthcare,https://www.naukri.com/job-listings-data-scientist-intern-zbliss-technologies-chennai-bengaluru-bangalore-0-to-2-years-270620500219?src=jobsearchDesk&sid=16254837572667374&xp=17&px=3
37,zMed Healthcare Technologies,Nan,Data Scientist Intern,zMed Healthcare Technologies,Not disclosed,"Chennai, Bangalore/Bengaluru",Data analysisData managementdata scienceInternCodingProject managementMachine learningHealthcare,https://www.naukri.com/job-listings-data-scientist-intern-zmed-healthcare-technologies-chennai-bangalore-bengaluru-0-to-2-years-230321500668?src=jobsearchDesk&sid=16254837572667374&xp=18&px=3
38,zBliss Technologies,Nan,Data Scientist Intern,zBliss Technologies,Not disclosed,"Chennai, Bengaluru",IT SkillsPythonData ScienceProject ManagementBPOproject managementData analysisData management,https://www.naukri.com/job-listings-data-scientist-intern-zbliss-technologies-chennai-bengaluru-bangalore-0-to-1-years-200221500564?src=jobsearchDesk&sid=16254837572667374&xp=19&px=3
39,Naukri Premium - Employer Services,Nan,Data Scientist - Manufacturing Domain (SCM aspect) Location Open,Naukri Premium - Employer Services,"15,00,000 - 25,00,000 PA.","Kolkata, Pune, Chennai, Bangalore/Bengaluru, Delhi / NCR, Mumbai (All Areas)",Data ScienceManufacturing domainData QualityExploratory Data AnalysisHadoopSparkMachine LearningStatistical Analysis,https://www.naukri.com/job-listings-data-scientist-manufacturing-domain-scm-aspect-location-open-naukri-employer-services-kolkata-pune-chennai-bangalore-bengaluru-delhi-ncr-mumbai-all-areas-7-to-12-years-110621005635?src=jobsearchDesk&sid=16254837572667374&xp=20&px=3
40,Winfort Services Pvt ltd ,Nan,Data Scientist,Winfort Services Pvt ltd ,Not disclosed,"Hyderabad/Secunderabad, Pune, Chennai, Bangalore/Bengaluru",Data AnalysisHadoopbig dataR Analyticsmachine learningstatistical analysisPythonData Science,https://www.naukri.com/job-listings-data-scientist-winfort-services-pvt-ltd-hyderabad-secunderabad-pune-chennai-bangalore-bengaluru-10-to-15-years-290621605094?src=jobsearchDesk&sid=16254837702778263&xp=1&px=4
41,NOTUS SERVICES PRIVATE LIMITED  ,Nan,Data Science Fresher ADQ Hyderabad,NOTUS SERVICES PRIVATE LIMITED  ,"1,00,000 - 1,50,000 PA.","Hyderabad/Secunderabad, Chennai, Bangalore/Bengaluru",PowerBIMatplotlibkerasTableautensorflowNLPMySQLNumpy,https://www.naukri.com/job-listings-data-science-fresher-adq-hyderabad-notus-services-private-limited-hyderabad-secunderabad-chennai-bangalore-bengaluru-0-to-0-years-040621003035?src=jobsearchDesk&sid=16254837702778263&xp=2&px=4
42,Replicon Software,3.8,Data Scientist,Replicon Software,Not disclosed,"Kolkata, Hyderabad/Secunderabad, Pune, Ahmedabad, Chennai, Bangalore/Bengaluru, Delhi / NCR, Mumbai (All Areas)",Power Bipredictive modellingRAmazon Lexstatistical analysisAmazon SagemakerTableauGoogle DialogFlow,https://www.naukri.com/job-listings-data-scientist-replicon-software-kolkata-hyderabad-secunderabad-pune-ahmedabad-chennai-bangalore-bengaluru-delhi-ncr-mumbai-all-areas-5-to-10-years-260621603052?src=jobsearchDesk&sid=16254837702778263&xp=3&px=4
43,PES HR Services a div of AMAL INFOSYSTEMS Pvt Ltd ,Nan,Permanent Job | NLP Data Science Engineer | MNC | Chennai,PES HR Services a div of AMAL INFOSYSTEMS Pvt Ltd ,Not disclosed,Chennai,Text BlobSpacyopensource frameworksGRULSTMRNNNLTKStanford CoreNLP,https://www.naukri.com/job-listings-permanent-nlp-data-science-engineer-mnc-chennai-pes-hr-services-a-div-of-amal-infosystems-pvt-ltd-chennai-3-to-7-years-090621002903?src=jobsearchDesk&sid=16254837702778263&xp=4&px=4
44,Inflexion Analytix Private Limited,Nan,Data Engineer - Big Data Engineer,Inflexion Analytix Private Limited,"3,25,000 - 4,25,000 PA.","Hyderabad/Secunderabad, Chennai, Bangalore/Bengaluru",Data EngineeringPower BiArtificial IntelligenceData ManagementBig DataStatisticsSQLData Science,https://www.naukri.com/job-listings-data-engineer-big-data-engineer-inflexion-analytix-private-limited-hyderabad-secunderabad-chennai-bangalore-bengaluru-0-to-3-years-020721003704?src=jobsearchDesk&sid=16254837702778263&xp=5&px=4
45,Lorven Technologies Private Limited ,Nan,Data Science & Analytics with Python Skills - Chennai,Lorven Technologies Private Limited ,Not disclosed,Chennai,SQL QueriesSQLStored procedureMACROSSASGraphsSAS ODSBase SAS,https://www.naukri.com/job-listings-data-science-analytics-with-python-skills-chennai-lorven-technologies-private-limited-chennai-3-to-8-years-130521003922?src=jobsearchDesk&sid=16254837702778263&xp=6&px=4
46,FarmwiseAI ,Nan,Data Scientist,FarmwiseAI ,Not disclosed,"Hyderabad/Secunderabad, Chennai, Bangalore/Bengaluru",GCPScikit-LearnPythonData SciencePredictive ModelingArtificial IntelligenceComputer ScienceEconometrics,https://www.naukri.com/job-listings-data-scientist-farmwiseai-hyderabad-secunderabad-chennai-bangalore-bengaluru-3-to-8-years-270521006351?src=jobsearchDesk&sid=16254837702778263&xp=7&px=4
47,AVE-Promagne ,Nan,Data Analyst (Predictive Analytics),AVE-Promagne ,Not disclosed,"Chennai, Remote",Rmachine learningpythonMicrosoft ExcelanalyticalwrittenSQLPowerPoint,https://www.naukri.com/job-listings-data-analyst-predictive-analytics-ave-promagne-chennai-remote-8-to-10-years-080621905613?src=jobsearchDesk&sid=16254837702778263&xp=8&px=4
48,Infocepts Technologies Pvt. Ltd.,4.0,Senior Data Scientist,Infocepts Technologies Pvt. Ltd.,Not disclosed,"Nagpur, Pune, Chennai",RAI/MLPythonIT SkillsData ScienceMachine LearningCloudAWS,https://www.naukri.com/job-listings-senior-data-scientist-infocepts-technologies-pvt-ltd-nagpur-pune-chennai-9-to-12-years-010721005565?src=jobsearchDesk&sid=16254837702778263&xp=9&px=4
49,"dotSolved India Pvt., Ltd.",Nan,Data  Engineer ETL Developer,"dotSolved India Pvt., Ltd.","9,50,000 - 18,00,000 PA.","Chennai, Bangalore/Bengaluru",IT SkillsPythonData ScienceCloudAlgorithmsGoogle AnalyticsQlik SenseData Pipeline,https://www.naukri.com/job-listings-data-engineer-etl-developer-dotsolved-india-pvt-ltd-chennai-bangalore-bengaluru-7-to-12-years-280621013496?src=jobsearchDesk&sid=16254837702778263&xp=10&px=4
50,Virtusa Consulting Services Pvt Ltd,3.4,Big Data Spark AWS  - Senior Software Engineer- 5- 9 Years - Pan India,Virtusa Consulting Services Pvt Ltd,Not disclosed,"Kolkata, Hyderabad/Secunderabad, Pune, Chennai, Bangalore/Bengaluru, Delhi / NCR, Mumbai (All Areas)",CDCIBig DataSQL QueriesTableauImpalaDevopsAWS Eco system,https://www.naukri.com/job-listings-big-data-spark-aws-senior-software-engineer-5-9-years-pan-india-virtusa-consulting-services-pvt-ltd-kolkata-hyderabad-secunderabad-pune-chennai-bangalore-bengaluru-delhi-ncr-mumbai-all-areas-5-to-10-years-180521006889?src=jobsearchDesk&sid=16254837702778263&xp=11&px=4
51,Adecco India Private Limited  ,Nan,Data Scientist with Machine Learning Job,Adecco India Private Limited  ,"11,00,000 - 20,00,000 PA.","Hyderabad/Secunderabad, Pune, Chennai, Bangalore/Bengaluru",Machine Learningbig dataR Analyticsstatistical analysisHadoopPythonIT SkillsData Science,https://www.naukri.com/job-listings-data-scientist-with-machine-learning-adecco-india-private-limited-hyderabad-secunderabad-pune-chennai-bangalore-bengaluru-5-to-10-years-280621005555?src=jobsearchDesk&sid=16254837702778263&xp=12&px=4
52,Mindtree Limited,4.0,Data BA,Mindtree Limited,Not disclosed,Chennai,Power BiBig DataAzure dataAzure Data LakeIT SkillsData ScienceAzureSTR,https://www.naukri.com/job-listings-data-ba-mindtree-limited-chennai-2-to-6-years-020721501460?src=jobsearchDesk&sid=16254837702778263&xp=13&px=4
53,HireHappi,Nan,Data Scientist,HireHappi,"8,00,000 - 18,00,000 PA.","Pune, Chennai, Bangalore/Bengaluru",Data ScienceMachine LearningPythonRLogistic RegressionData WranglingData AnalysisBig Data,https://www.naukri.com/job-listings-data-scientist-hirehappi-pune-chennai-bangalore-bengaluru-4-to-9-years-110521000218?src=jobsearchDesk&sid=16254837702778263&xp=14&px=4
54,HireHappi,Nan,Lead Data Scientist,HireHappi,"20,00,000 - 32,50,000 PA.","Pune, Chennai, Bangalore/Bengaluru",Data ScienceMachine LearningPythonRLogistic RegressionData WranglingData AnalysisBig Data,https://www.naukri.com/job-listings-lead-data-scientist-hirehappi-pune-chennai-bangalore-bengaluru-9-to-14-years-110521000216?src=jobsearchDesk&sid=16254837702778263&xp=15&px=4
55,Kinaxis India Private Limited,Nan,Machine Learning Developer - Data Scientist,Kinaxis India Private Limited,"25,00,000 - 35,00,000 PA.",Chennai(Perungudi),Data ScienceMachine LearningPythonIT SkillsCloudBig DataPysparkAlgorithms,https://www.naukri.com/job-listings-machine-learning-developer-data-scientist-kinaxis-india-private-limited-chennai-5-to-10-years-270521002038?src=jobsearchDesk&sid=16254837702778263&xp=16&px=4
56,Winfort Services Pvt ltd ,Nan,Data Scientist,Winfort Services Pvt ltd ,Not disclosed,"Hyderabad/Secunderabad, Pune, Chennai, Bangalore/Bengaluru",PythonSparkArtificial IntelligenceHiveData VisualizationMachine LearningSQLR,https://www.naukri.com/job-listings-data-scientist-winfort-services-pvt-ltd-hyderabad-secunderabad-pune-chennai-bangalore-bengaluru-4-to-9-years-290621605044?src=jobsearchDesk&sid=16254837702778263&xp=17&px=4
57,Crayon Data,3.5,Data Scientist,Crayon Data,Not disclosed,Chennai,SANData analysisdata scienceSOCMayaSMSOpen sourceSQL,https://www.naukri.com/job-listings-data-scientist-crayon-data-chennai-1-to-6-years-190421500067?src=jobsearchDesk&sid=16254837702778263&xp=18&px=4
58,Cholamandalam Investment & Finance,4.2,Analytics Lead - Data Scientist,Cholamandalam Investment & Finance,"12,00,000 - 22,00,000 PA.","Chennai, Bangalore/Bengaluru",Predictive ModelingData ScienceCross SellingData ProcessingData AnalyticsETLAnalyticsPython,https://www.naukri.com/job-listings-analytics-lead-data-scientist-cholamandalam-investment-finance-chennai-bangalore-bengaluru-7-to-12-years-280521000815?src=jobsearchDesk&sid=16254837702778263&xp=19&px=4
59,Aspire Systems India (P) Ltd,3.9,Data Scientist - Interview Invitation from Aspire Systems,Aspire Systems India (P) Ltd,"10,00,000 - 20,00,000 PA.","Chennai, Bangalore/Bengaluru",Big DataMLCNNAWSAzureAI modellingRNNRESNET,https://www.naukri.com/job-listings-data-scientist-interview-invitation-from-aspire-systems-aspire-systems-india-p-ltd-chennai-bangalore-bengaluru-10-to-12-years-150621012208?src=jobsearchDesk&sid=16254837702778263&xp=20&px=4
60,Decision Point,3.5,Senior Data Scientist,Decision Point,Not disclosed,"Gurgaon/Gurugram, Chennai",Data ScienceJavaHiveRSASHadoopSparkMachine Learning,https://www.naukri.com/job-listings-senior-data-scientist-decision-point-gurgaon-gurugram-chennai-3-to-6-years-200521905464?src=jobsearchDesk&sid=16254838064348324&xp=1&px=5
61,Boston Consulting Group,3.6,Senior Data Scientist,Boston Consulting Group,Not disclosed,"Mumbai, New Delhi, Chennai",Computer scienceAnalytical skillsadvanced analyticsSDSdata scienceArtificial IntelligenceMachine learningManagement consulting,https://www.naukri.com/job-listings-senior-data-scientist-boston-consulting-group-chennai-delhi-mumbai-1-to-2-years-190820500542?src=jobsearchDesk&sid=16254838064348324&xp=2&px=5
62,AVE-Promagne,Nan,Sr Data Scientist ( From Service Industry ),AVE-Promagne,Not disclosed,Chennai,IT SkillsPythonData ScienceMachine LearningRAlgorithmsExcel PowerpointArtificial Intelligence,https://www.naukri.com/job-listings-sr-data-scientist-from-service-industry-ave-promagne-chennai-6-to-11-years-040621904764?src=jobsearchDesk&sid=16254838064348324&xp=3&px=5
63,2coms,Nan,"Senior Data Analyst Python, ML",2coms,"5,00,000 - 15,00,000 PA.","Chennai, Chennai",Python ML Machine Learning Data Science Data Scientist Senior Data Analyst Analytics Model Building,https://www.naukri.com/job-listings-senior-data-analyst-python-ml-2coms-chennai-chennai-2-to-7-years-070621901181?src=jobsearchDesk&sid=16254838064348324&xp=4&px=5
64,Mindtree Limited,4.0,Data Scientist - Technical Lead,Mindtree Limited,Not disclosed,Chennai,Data analysisdata scienceGCPCloudManager Technologypower biTechnical LeadAWS,https://www.naukri.com/job-listings-data-scientist-technical-lead-mindtree-limited-chennai-5-to-10-years-021220500702?src=jobsearchDesk&sid=16254838064348324&xp=5&px=5
65,2coms,Nan,Data Scientist,2coms,Not disclosed,"Chennai, Chennai",Artificial IntelligenceSparkHiveHadoopMachine Learningbig dataR Analyticsstatistical analysis,https://www.naukri.com/job-listings-data-scientist-2coms-chennai-chennai-6-to-11-years-020721903096?src=jobsearchDesk&sid=16254838064348324&xp=6&px=5
66,Shell India Markets Private Limited,4.1,Associate Data Scientist - Space Planner,Shell India Markets Private Limited,Not disclosed,Chennai,Data ScienceCategory ManagementBusiness InsightsMerchandisingSoftware DesignQuantitative FinanceSpace Planning,https://www.naukri.com/job-listings-associate-data-scientist-space-planner-shell-india-markets-private-limited-chennai-3-to-6-years-160621906518?src=jobsearchDesk&sid=16254838064348324&xp=7&px=5
67,Shell India Markets Private Limited,4.1,Data Scientist - Upstream,Shell India Markets Private Limited,Not disclosed,Chennai,Data ScienceVue.JsArtificial IntelligenceNeural NetworksKerasDecision TreesMachine LearningPython,https://www.naukri.com/job-listings-data-scientist-upstream-shell-india-markets-private-limited-chennai-4-to-6-years-160621901417?src=jobsearchDesk&sid=16254838064348324&xp=8&px=5
68,Shell India Markets Private Limited,4.1,Data Scientist - Process mining,Shell India Markets Private Limited,Not disclosed,Chennai,Predictive ModelingData SciencePlant MaintenanceAdvanced AnalyticsProcess MiningStatistical ModelingTableauSap Lumira,https://www.naukri.com/job-listings-data-scientist-process-mining-shell-india-markets-private-limited-chennai-5-to-8-years-160621901416?src=jobsearchDesk&sid=16254838064348324&xp=9&px=5
69,Societe Generale,3.8,Lead Data Scientist - SAS Expert,Societe Generale,Not disclosed,Chennai,networksmachine learningStatistical LearningKNNClusteringEnsemble MethodsSQLPython,https://www.naukri.com/job-listings-lead-data-scientist-sas-expert-societe-generale-global-solution-centre-pvt-ltd-chennai-4-to-8-years-170621006847?src=jobsearchDesk&sid=16254838064348324&xp=10&px=5
70,AVE-Promagne ,Nan,"Data Scientist (Predictive Modelling,Python)",AVE-Promagne ,Not disclosed,Chennai,IT SkillsPythonMachine LearninganalyticsRdata sciencestatistical modellingPredictive modelling,https://www.naukri.com/job-listings-data-scientist-predictive-modelling-python-ave-promagne-chennai-6-to-8-years-040621901639?src=jobsearchDesk&sid=16254838064348324&xp=11&px=5
71,AVE-Promagne,Nan,Data Scientist (Predictive Analytics),AVE-Promagne,Not disclosed,Chennai,RSASmachine learningData Quality AnalysisAlteryxPower BIQlickviewGARCH modeling,https://www.naukri.com/job-listings-data-scientist-predictive-analytics-ave-promagne-chennai-2-to-4-years-110621908080?src=jobsearchDesk&sid=16254838064348324&xp=12&px=5
72,Replicon Software (India) Pvt Ltd,3.8,Data Scientist,Replicon Software (India) Pvt Ltd,Not disclosed,"Noida, Hyderabad/Secunderabad, Pune, Gurgaon/Gurugram, Chennai, Bangalore/Bengaluru, Delhi / NCR, Mumbai (All Areas)",NLPMachine LearningSQLData ScienceRArtificial IntelligenceNLUAI,https://www.naukri.com/job-listings-data-scientist-replicon-software-india-pvt-ltd-noida-hyderabad-secunderabad-pune-gurgaon-gurugram-chennai-bangalore-bengaluru-delhi-ncr-mumbai-all-areas-4-to-8-years-010621007285?src=jobsearchDesk&sid=16254838064348324&xp=13&px=5
73,Shell India Markets Private Limited,4.1,Data Scientist - Retail,Shell India Markets Private Limited,Not disclosed,Chennai,Data ScienceMultivariate AnalysisRExploratory Data AnalysisFactor AnalysisTime SeriesDecision TreesSentiment Analysis,https://www.naukri.com/job-listings-data-scientist-retail-shell-india-markets-private-limited-chennai-5-to-7-years-230621907317?src=jobsearchDesk&sid=16254838064348324&xp=14&px=5
74,AINE Info Tech Pvt Ltd,Nan,"Financial Research Analyst, Research Associate, Data Researcher",AINE Info Tech Pvt Ltd,"3,00,000 - 6,00,000 PA.","Kolkata, Mumbai, Hyderabad/Secunderabad, Pune, Ahmedabad, Chennai, Bangalore/Bengaluru, Delhi / NCR, Mumbai (All Areas)",Investment ResearchData ResearchFinancial AnalysisFinancial ResearchSecondary ResearchResearch AnalysisCompany AnalysisEquity Research,https://www.naukri.com/job-listings-financial-research-analyst-research-associate-data-researcher-aine-info-tech-pvt-ltd-kolkata-mumbai-hyderabad-secunderabad-pune-ahmedabad-chennai-bangalore-bengaluru-delhi-ncr-mumbai-all-areas-0-to-2-years-030721000235?src=jobsearchDesk&sid=16254838064348324&xp=15&px=5
75,Hexaware Technologies Ltd.,3.4,Sr. MS BI Developer/Data Analyst/Lead - SSIS/SSRS/SSAS,Hexaware Technologies Ltd.,Not disclosed,"Mumbai, Pune, Chennai",SSRSMS SSISETLSSASMSBISSIS,https://www.naukri.com/job-listings-sr-ms-bi-developer-data-analyst-lead-ssis-ssrs-ssas-hexaware-technologies-ltd-mumbai-pune-chennai-3-to-8-years-101120005209?src=jobsearchDesk&sid=16254838064348324&xp=16&px=5
76,PRIMUS Global Technologies Private Limited  ,Nan,Mindtree Hiring-Data ScienceWith Python _Bangalore,PRIMUS Global Technologies Private Limited  ,"12,00,000 - 22,00,000 PA.","Kolkata, Hyderabad/Secunderabad, Pune, Ahmedabad, Chennai, Bangalore/Bengaluru, Delhi / NCR, Mumbai (All Areas)",Data ScienceRXgboostNeural NetworksSQL DatabaseUnsupervised LearningDecision TreesMachine Learning,https://www.naukri.com/job-listings-mindtree-hiring-data-sciencewith-python-bangalore-primus-global-technologies-private-limited-kolkata-hyderabad-secunderabad-pune-ahmedabad-chennai-bangalore-bengaluru-delhi-ncr-mumbai-all-areas-5-to-10-years-230621600446?src=jobsearchDesk&sid=16254838064348324&xp=17&px=5
77,ExecBoardinAsia,Nan,Data Scientist,ExecBoardinAsia,Not disclosed,Chennai,Statistical analysisdata sciencemodel developmentResearchMonitoring,https://www.naukri.com/job-listings-data-scientist-execboardinasia-chennai-5-to-10-years-300620500434?src=jobsearchDesk&sid=16254838064348324&xp=18&px=5
78,Hitachi ABB Power Grids,3.7,Data Scientist,Hitachi ABB Power Grids,Not disclosed,Chennai,ProcurementSystem testingISOdata scienceCodingAgile developmentData collectionData mining,https://www.naukri.com/job-listings-data-scientist-hitachi-abb-power-grids-chennai-5-to-8-years-280521501740?src=jobsearchDesk&sid=16254838064348324&xp=19&px=5
79,Diverse Lynx,2.9,Data Scientist,Diverse Lynx,Not disclosed,Chennai,IT SkillsJavaPythonData ScienceMachine Learningdeep learningBusiness AnalystSCALA,https://www.naukri.com/job-listings-data-scientist-diverse-lynx-chennai-3-to-9-years-270820500324?src=jobsearchDesk&sid=16254838064348324&xp=20&px=5
80,Caspex Tech LLP,Nan,Data Scientist/ Machine Learning Consultant,Caspex Tech LLP,Not disclosed,Chennai,Machine LearningDeep LearningSQLIT SkillsPythonData ScienceAWSPredictive Modeling,https://www.naukri.com/job-listings-data-scientist-machine-learning-consultant-caspex-tech-llp-chennai-5-to-10-years-180621003367?src=jobsearchDesk&sid=16254838380281016&xp=1&px=6
81,Buckman,Nan,Data Scientist,Buckman,Not disclosed,Chennai,Water treatmentMinitabdata scienceAnalyticalMachine learningData miningMATLABSustainable development,https://www.naukri.com/job-listings-data-scientist-buckman-chennai-3-to-8-years-160320500569?src=jobsearchDesk&sid=16254838380281016&xp=2&px=6
82,BAHWAN CYBERTEK PRIVATE LIMITED,3.3,Data Scientist,BAHWAN CYBERTEK PRIVATE LIMITED,"20,00,000 - 25,00,000 PA.",Chennai,PythonR StudioDatabricks NotebooksAnacondaApache SparkBig dataJupyterAWS S3,https://www.naukri.com/job-listings-data-scientist-bahwan-cybertek-private-limited-chennai-7-to-12-years-130521001910?src=jobsearchDesk&sid=16254838380281016&xp=3&px=6
83,Naukri Premium - Employer Services,Nan,Data Scientist,Naukri Premium - Employer Services,"16,00,000 - 30,00,000 PA.",Chennai,Data ScienceMachine LearningDeep Learning,https://www.naukri.com/job-listings-data-scientist-naukri-employer-services-chennai-6-to-11-years-010621007007?src=jobsearchDesk&sid=16254838380281016&xp=4&px=6
84,Perex Engineering Pvt Ltd ,Nan,Data Scientist,Perex Engineering Pvt Ltd ,"15,00,000 - 25,00,000 PA.","Hyderabad/Secunderabad, Chennai, Bangalore/Bengaluru",Data Scienceaws sagemakerMachine Learningmodel buildingR programmingscrumConfluencePycharm,https://www.naukri.com/job-listings-data-scientist-perex-engineering-pvt-ltd-hyderabad-secunderabad-chennai-bangalore-bengaluru-4-to-8-years-150621009153?src=jobsearchDesk&sid=16254838380281016&xp=5&px=6
85,REKRUT INDIA PRIVATE LIMITED  ,Nan,Job | Data Scientist | Bangalore | Immediate Joiner | Remote - WFH,REKRUT INDIA PRIVATE LIMITED  ,"4,75,000 - 9,00,000 PA.","Hyderabad/Secunderabad, Chennai, Bangalore/Bengaluru",Data ScienceNLPMachine LearningIT SkillsPythonwork from homeAlgorithmsStatistical Analysis,https://www.naukri.com/job-listings-data-scientist-bangalore-immediate-joiner-remote-wfh-rekrut-india-private-limited-hyderabad-secunderabad-chennai-bangalore-bengaluru-3-to-5-years-130621000795?src=jobsearchDesk&sid=16254838380281016&xp=6&px=6
86,Nagalakshmi Tech Solutions Private Limited ,Nan,Data Scientist- Banking Domain,Nagalakshmi Tech Solutions Private Limited ,"6,00,000 - 12,00,000 PA.",Chennai(West Tambaram),Machine LearningDeep LearningData ScienceSQLstatistical testingSparkAzurePython,https://www.naukri.com/job-listings-data-scientist-banking-domain-nagalakshmi-tech-solutions-private-limited-chennai-2-to-6-years-070621004332?src=jobsearchDesk&sid=16254838380281016&xp=7&px=6
87,C1X Inc.,Nan,Data Engineer,C1X Inc.,Not disclosed,"Chennai, Bangalore/Bengaluru",processdevelopmentUXcodeServiceData processingdevelopingHTML,https://www.naukri.com/job-listings-data-engineer-c1x-inc-chennai-bengaluru-bangalore-2-to-5-years-250118501623?src=jobsearchDesk&sid=16254838380281016&xp=8&px=6
88,Class One Exchange.,Nan,Data Engineer ,Class One Exchange.,Not disclosed,"Chennai, Bengaluru",processdevelopmentUXcodeServiceData processingdevelopingHTML,https://www.naukri.com/job-listings-data-engineer-class-one-exchange-chennai-bengaluru-bangalore-3-to-8-years-180517500031?src=jobsearchDesk&sid=16254838380281016&xp=9&px=6
89,CAMSDATA TECHNOLOGIES INDIA PVT LTD,4.3,Analyst Data Scientist,CAMSDATA TECHNOLOGIES INDIA PVT LTD,Not disclosed,"Mumbai, Hyderabad/Secunderabad, Pune, Chennai, Bangalore/Bengaluru",IT SkillsPythonData ScienceMachine LearningBig DataComputer scienceEvaluationData analysis,https://www.naukri.com/job-listings-analyst-data-scientist-camsdata-technologies-india-pvt-ltd-mumbai-hyderabad-secunderabad-pune-chennai-bangalore-bengaluru-3-to-8-years-210518500355?src=jobsearchDesk&sid=16254838380281016&xp=10&px=6
90,AG Technologies pvt Ltd,2.3,Data Analyst,AG Technologies pvt Ltd,"2,00,000 - 4,00,000 PA.","Noida, Kolkata, Hyderabad/Secunderabad, Pune, Ahmedabad, Chennai, Bangalore/Bengaluru, Delhi / NCR, Mumbai (All Areas)",communicationAPO2CSAPP2PanalyticalSQLSAP Database,https://www.naukri.com/job-listings-data-analyst-ag-technologies-pvt-ltd-noida-kolkata-hyderabad-secunderabad-pune-ahmedabad-chennai-bangalore-bengaluru-delhi-ncr-mumbai-all-areas-0-to-2-years-190621603270?src=jobsearchDesk&sid=16254838380281016&xp=11&px=6
91,AG Technologies pvt Ltd,2.3,Data Analyst,AG Technologies pvt Ltd,"2,00,000 - 4,00,000 PA.","Noida, Kolkata, Hyderabad/Secunderabad, Pune, Ahmedabad, Chennai, Bangalore/Bengaluru, Delhi / NCR, Mumbai (All Areas)",communicationAPO2CSAPP2PanalyticalSQLSAP Database,https://www.naukri.com/job-listings-data-analyst-ag-technologies-pvt-ltd-noida-kolkata-hyderabad-secunderabad-pune-ahmedabad-chennai-bangalore-bengaluru-delhi-ncr-mumbai-all-areas-0-to-2-years-190621003268?src=jobsearchDesk&sid=16254838380281016&xp=12&px=6
92,Cynosure Corporate Solutions ,Nan,Senior Data Scientist,Cynosure Corporate Solutions ,Not disclosed,Chennai,communicationRSQLPythonIT SkillsData ScienceMachine LearningDesign Development,https://www.naukri.com/job-listings-senior-data-scientist-cynosure-corporate-solutions-chennai-5-to-10-years-030521000473?src=jobsearchDesk&sid=16254838380281016&xp=13&px=6
93,Navis India Technologies Private Limited,Nan,Senior Data Engineer,Navis India Technologies Private Limited,Not disclosed,Chennai,Supply chainComputer scienceOperations researchC++data scienceAnalyticalMachine learningMSBI,https://www.naukri.com/job-listings-senior-data-engineer-navis-india-technologies-private-limited-chennai-5-to-8-years-080121501089?src=jobsearchDesk&sid=16254838380281016&xp=14&px=6
94,Cargotec,3.7,Senior Data Engineer,Cargotec,Not disclosed,Chennai,Supply chainComputer scienceOperations researchC++data scienceAnalyticalMachine learningMSBI,https://www.naukri.com/job-listings-senior-data-engineer-cargotec-chennai-4-to-6-years-070121501298?src=jobsearchDesk&sid=16254838380281016&xp=15&px=6
95,ADF Data Science Private Limited,3.4,Process Data Analyst (Six Sigma),ADF Data Science Private Limited,Not disclosed,Chennai,PublishingNetworkingLinuxCodingProcess improvementJavascriptWorkflowData Analyst,https://www.naukri.com/job-listings-process-data-analyst-six-sigma-adf-data-science-private-limited-chennai-8-to-13-years-280621500372?src=jobsearchDesk&sid=16254838380281016&xp=16&px=6
96,COLLABERA,3.7,Job Opportunity For Data Analyst,COLLABERA,Not disclosed,"Kolkata, Hyderabad/Secunderabad, Pune, Chennai, Bangalore/Bengaluru, Delhi / NCR, Mumbai (All Areas)",Javascriptshell scriptingcommunicationCJavaLinuxmachine learningETL,https://www.naukri.com/job-listings-opportunity-for-data-analyst-collabera-technologies-private-limited-kolkata-hyderabad-secunderabad-pune-chennai-bangalore-bengaluru-delhi-ncr-mumbai-all-areas-5-to-10-years-180621008123?src=jobsearchDesk&sid=16254838380281016&xp=17&px=6
97,Winfort Services Pvt ltd ,Nan,Urgent Opening For Aws Data Engineer / Developer position For an MNC,Winfort Services Pvt ltd ,Not disclosed,"Kolkata, Hyderabad/Secunderabad, Pune, Chennai, Bangalore/Bengaluru, Delhi / NCR",Data SciencepythonData EngineeranalyticalSageMaker CodingGlueMachine LearningAWS S3,https://www.naukri.com/job-listings-urgent-opening-for-aws-data-engineer-developer-position-for-an-mnc-winfort-services-pvt-ltd-kolkata-hyderabad-secunderabad-pune-chennai-bangalore-bengaluru-delhi-ncr-4-to-9-years-240521601908?src=jobsearchDesk&sid=16254838380281016&xp=18&px=6
98,Ingram Micro,3.8,Sr . Data Analyst,Ingram Micro,Not disclosed,Chennai,IT SkillsPythonComputer scienceOperations researchSASData AnalystBusiness intelligenceData mining,https://www.naukri.com/job-listings-sr-data-analyst-ingram-micro-i-pvt-ltd-chennai-6-to-11-years-140121501659?src=jobsearchDesk&sid=16254838380281016&xp=19&px=6
99,RUBOID TECHNOVISION PRIVATE LIMITED,Nan,Agri Commodity Specialist | Client of Ruboid |10 + years |,RUBOID TECHNOVISION PRIVATE LIMITED,Not disclosed,"Kolkata, Chennai, Bangalore/Bengaluru",Data ScienceAgri CommodityData AnalysisIT SkillsMachine Learning,https://www.naukri.com/job-listings-agri-commodity-specialist-client-of-ruboid-10-years-ruboid-technovision-private-limited-kolkata-chennai-bangalore-bengaluru-10-to-20-years-240621604042?src=jobsearchDesk&sid=16254838380281016&xp=20&px=6
100,RUBOID TECHNOVISION PRIVATE LIMITED,Nan,Agri Commodity Specialist | Client of Ruboid |10 + years |,RUBOID TECHNOVISION PRIVATE LIMITED,Not disclosed,"Kolkata, Chennai, Bangalore/Bengaluru",Data ScienceAgri CommodityData AnalysisIT SkillsMachine Learning,https://www.naukri.com/job-listings-agri-commodity-specialist-client-of-ruboid-10-years-ruboid-technovision-private-limited-kolkata-chennai-bangalore-bengaluru-10-to-20-years-240621004041?src=jobsearchDesk&sid=16254838768283969&xp=1&px=7
101,Hexaware Technologies Ltd.,3.4,Scrum Master,Hexaware Technologies Ltd.,Not disclosed,"Mumbai, Pune, Chennai, Bangalore/Bengaluru",IT SkillsData ScienceComputer scienceTrainingPDFAgile scrumConflict resolutionTransition management,https://www.naukri.com/job-listings-scrum-master-hexaware-technologies-ltd-mumbai-pune-chennai-bangalore-bengaluru-10-to-14-years-300621501637?src=jobsearchDesk&sid=16254838768283969&xp=2&px=7
102,Tata Consultancy Services Ltd.,4.0,Tcs Hiring! Hyper Automation Architect,Tata Consultancy Services Ltd.,Not disclosed,"Kolkata, Hyderabad/Secunderabad, Pune, Ahmedabad, Chennai, Bangalore/Bengaluru, Delhi / NCR, Mumbai (All Areas)",communicationArtificial IntelligenceMLBusiness Process AnalysisData Science AutomationMachine Learningdata visualizationanalytical,https://www.naukri.com/job-listings-tcs-hiring-hyper-automation-architect-tata-consultancy-services-ltd-kolkata-hyderabad-secunderabad-pune-ahmedabad-chennai-bangalore-bengaluru-delhi-ncr-mumbai-all-areas-10-to-20-years-280621014565?src=jobsearchDesk&sid=16254838768283969&xp=3&px=7
103,Datumlyze Pvt Ltd,Nan,Technical Data Analyst,Datumlyze Pvt Ltd,Not disclosed,Chennai,Pivot TableExcelVLOOKUPWindows Serverunix technical supportFormulasUnix Support EngineerMS Office,https://www.naukri.com/job-listings-technical-data-analyst-datumlyze-pvt-ltd-chennai-0-to-2-years-220621002103?src=jobsearchDesk&sid=16254838768283969&xp=4&px=7
104,Skill On Tap  ,Nan,"Big Data Developer / Lead - Pyspark, Python, Spark",Skill On Tap  ,Not disclosed,"Hyderabad/Secunderabad, Chennai, Bangalore/Bengaluru",PysparkSCALAPythonIT SkillsJavaCloudBig DataJenkins,https://www.naukri.com/job-listings-big-data-developer-lead-pyspark-python-spark-skill-on-tap-hyderabad-secunderabad-chennai-bangalore-bengaluru-4-to-9-years-070621000574?src=jobsearchDesk&sid=16254838768283969&xp=5&px=7
105,IDC TECHNOLOGIES SOLUTIONS INDIA PVT LIMITED,Nan,Database Engineer& Data Analyst,IDC TECHNOLOGIES SOLUTIONS INDIA PVT LIMITED,Not disclosed,"Hyderabad/Secunderabad, Chennai, Bangalore/Bengaluru",IT SkillsProject ManagementBPOproject managementDatabase EngineerData Analyst,https://www.naukri.com/job-listings-database-engineer-data-analyst-idc-technologies-solutions-india-pvt-limited-hyderabad-secunderabad-chennai-bangalore-bengaluru-3-to-8-years-300621605576?src=jobsearchDesk&sid=16254838768283969&xp=6&px=7
106,IDC TECHNOLOGIES SOLUTIONS INDIA PVT LIMITED,Nan,Database Engineer& Data Analyst,IDC TECHNOLOGIES SOLUTIONS INDIA PVT LIMITED,Not disclosed,"Hyderabad/Secunderabad, Chennai, Bangalore/Bengaluru",IT SkillsProject ManagementBPOproject managementDatabase EngineerData Analyst,https://www.naukri.com/job-listings-database-engineer-data-analyst-idc-technologies-solutions-india-pvt-limited-hyderabad-secunderabad-chennai-bangalore-bengaluru-3-to-8-years-300621005575?src=jobsearchDesk&sid=16254838768283969&xp=7&px=7
107,Sharadha Terry Products Private Limited,3.5,Data Analyst – Professor from the Best Engineering college in India,Sharadha Terry Products Private Limited,Not disclosed,"Hyderabad/Secunderabad, Chennai, Bangalore/Bengaluru",Professor ActivitiesData Analysis,https://www.naukri.com/job-listings-data-analyst-professor-from-the-best-engineering-college-in-india-sharadha-terry-products-private-limited-hyderabad-secunderabad-chennai-bangalore-bengaluru-10-to-20-years-020721008570?src=jobsearchDesk&sid=16254838768283969&xp=8&px=7
108,HADS COMPANY,Nan,Senior Big Data Engineer,HADS COMPANY,Not disclosed,"New Delhi, Chennai, Bangalore/Bengaluru",AirflowData ScienceJavaNoSQLHadoopMySQLMongoDBSpark,https://www.naukri.com/job-listings-senior-big-data-engineer-hads-company-new-delhi-chennai-bangalore-bengaluru-5-to-10-years-190621002251?src=jobsearchDesk&sid=16254838768283969&xp=9&px=7
109,ADF Data Science Private Limited,3.4,Process Data Analyst (Six Sigma),ADF Data Science Private Limited,Not disclosed,Chennai,Continuous ImprovementSix Sigma ProjectsLean Six SigmaPerformance MetricsMonthly ReportsKaizenThinking SkillsData Analysis,https://www.naukri.com/job-listings-process-data-analyst-six-sigma-adf-data-science-private-limited-chennai-3-to-5-years-150621006474?src=jobsearchDesk&sid=16254838768283969&xp=10&px=7
110,Intelizest Consulting,Nan,Data Scientist - AWS/Python/Big Data Tools,Intelizest Consulting,Not disclosed,Chennai,digital analyticsLogistic RegressionSASScalaHDFSBig DataSQLData Science,https://www.naukri.com/job-listings-data-scientist-aws-python-big-data-tools-intelizest-consulting-chennai-7-to-12-years-290521902624?src=jobsearchDesk&sid=16254838768283969&xp=11&px=7
111,KONE Elevator India Pvt. Ltd,4.1,Data Analyst,KONE Elevator India Pvt. Ltd,"4,50,000 - 9,50,000 PA.",Chennai,data modellingData AnalysisStatistical Modelingdashboard,https://www.naukri.com/job-listings-data-analyst-kone-elevator-india-pvt-ltd-chennai-5-to-7-years-030621000273?src=jobsearchDesk&sid=16254838768283969&xp=12&px=7
112,Omnicom Media Group India Private Limited,3.2,Data Analyst,Omnicom Media Group India Private Limited,Not disclosed,"Hyderabad/Secunderabad, Pune, Gurgaon/Gurugram, Chennai, Bangalore/Bengaluru",Google Data StudioRPower BIAlteryxData AnalysisAdvanced ExcelQlikviewDatorama,https://www.naukri.com/job-listings-data-analyst-omnicom-media-group-india-private-limited-hyderabad-secunderabad-pune-gurgaon-gurugram-chennai-bangalore-bengaluru-3-to-5-years-010721008805?src=jobsearchDesk&sid=16254838768283969&xp=13&px=7
113,Hexaware Technologies Ltd.,3.4,Need For Business analyst with SQL Server and Data warehousing,Hexaware Technologies Ltd.,"10,00,000 - 20,00,000 PA.","Pune, Chennai, Bangalore/Bengaluru, Mumbai (All Areas)",DWDWBISQL ServerData WarehousingETLBusiness Analysis,https://www.naukri.com/job-listings-need-for-business-analyst-with-sql-server-and-data-warehousing-hexaware-technologies-ltd-pune-chennai-bangalore-bengaluru-mumbai-all-areas-9-to-14-years-020721000427?src=jobsearchDesk&sid=16254838768283969&xp=14&px=7
114,C-MOTS Infotech pvt ltd,2.9,Financial Data Analysts,C-MOTS Infotech pvt ltd,Not disclosed,Chennai,ExcelVBAAccountingAnalyticalFinanceReconciliationData processingCommerce,https://www.naukri.com/job-listings-financial-data-analysts-c-mots-infotech-pvt-ltd-chennai-0-to-3-years-251120501340?src=jobsearchDesk&sid=16254838768283969&xp=15&px=7
115,Checktronix India Pvt. Ltd.,4.1,Junior Data Analyst - DQS,Checktronix India Pvt. Ltd.,Not disclosed,"Dharmapuri, Chennai",data cleansingRoot cause analysisData analysisagile project managementdata manipulationMySQLmarket dataJIRA,https://www.naukri.com/job-listings-junior-data-analyst-dqs-checktronix-india-pvt-ltd-dharmapuri-chennai-0-to-1-years-140621501474?src=jobsearchDesk&sid=16254838768283969&xp=16&px=7
116,Mind Circus Innovation,Nan,Excel VBA Jobs Chennai | VBA data analyst Jobs,Mind Circus Innovation,"90,000 - 1,75,000 PA.","Pondicherry/Puducherry, Chennai, Tiruchirapalli/Trichy",ExcelVBAData Analysiswork from homeWordMISVLOOKUPAdvanced Excel,https://www.naukri.com/job-listings-excel-vba-jobs-chennai-vba-data-analyst-jobs-mind-circus-innovation-pondicherry-puducherry-chennai-tiruchirapalli-trichy-0-to-1-years-140621006539?src=jobsearchDesk&sid=16254838768283969&xp=17&px=7
117,Checktronix India Pvt. Ltd.,4.1,Junior Data Analyst ,Checktronix India Pvt. Ltd.,Not disclosed,"Chennai, dharmapuri",data cleansingData analysisdata manipulationData modelingMySQLmarket dataResearchbig data,https://www.naukri.com/job-listings-junior-data-analyst-checktronix-india-pvt-ltd-chennai-dharmapuri-0-to-2-years-080321500668?src=jobsearchDesk&sid=16254838768283969&xp=18&px=7
118,AUREUSTECH SYSTEMS PRIVATE LIMITED ,Nan,Senior/Lead Data Scientist,AUREUSTECH SYSTEMS PRIVATE LIMITED ,"30,00,000 - 40,00,000 PA.","Hyderabad/Secunderabad, Chennai, Bangalore/Bengaluru",IT SkillsPythonTableauNLPAlgorithmsData AnalysisData MiningData Visualization,https://www.naukri.com/job-listings-senior-lead-data-scientist-aureustech-systems-private-limited-hyderabad-secunderabad-chennai-bangalore-bengaluru-9-to-14-years-230621004832?src=jobsearchDesk&sid=16254838768283969&xp=19&px=7
119,Kinaxis,Nan,Advisory Analytics Developer - Data Analyst,Kinaxis,Not disclosed,Chennai,IT SkillsPythonData ScienceMachine LearningCloudSupply chainAnalyticalData Analyst,https://www.naukri.com/job-listings-advisory-analytics-developer-data-analyst-kinaxis-chennai-2-to-6-years-020721501420?src=jobsearchDesk&sid=16254838768283969&xp=20&px=7
120,e-con Systems,3.3,Senior Project Engineer - Computer Vision/ Deep Learning,e-con Systems,Not disclosed,Chennai,IT SkillsPythonMachine LearningProduct ManagementPytorchC++COpencv,https://www.naukri.com/job-listings-senior-project-engineer-computer-vision-deep-learning-e-con-systems-chennai-3-to-4-years-010621905358?src=jobsearchDesk&sid=16254839325451095&xp=1&px=8
121,LatentView Analytics Private Limited,3.8,Manager/senior Manager - Analytics,LatentView Analytics Private Limited,Not disclosed,Chennai,analyticssenior data scientistdata analyticsteam managementteam handlingproject deliverylead data scientistanalytics manager,https://www.naukri.com/job-listings-manager-senior-manager-analytics-latentview-analytics-private-limited-chennai-10-to-18-years-210521005712?src=jobsearchDesk&sid=16254839325451095&xp=2&px=8
122,Sharadha Terry Products Private Limited,3.5,Professor Artificial Intelligence Machine Learning Robotic,Sharadha Terry Products Private Limited,Not disclosed,"Hyderabad/Secunderabad, Chennai, Bangalore/Bengaluru",Professor ActivitiesArtificial IntelligenceMachine Learning,https://www.naukri.com/job-listings-professor-artificial-intelligence-machine-learning-robotic-sharadha-terry-products-private-limited-hyderabad-secunderabad-chennai-bangalore-bengaluru-5-to-10-years-020721008606?src=jobsearchDesk&sid=16254839325451095&xp=3&px=8
123,Metrichive Private Limited,Nan,Data Analyst,Metrichive Private Limited,"3,00,000 - more than 3,00,000 PA.","Chennai, Bangalore/Bengaluru, Delhi / NCR",Microsoft Power BiPythonSQLIT SkillsMachine LearningProject ManagementAWSTableau,https://www.naukri.com/job-listings-data-analyst-metrichive-private-limited-chennai-bangalore-bengaluru-delhi-ncr-3-to-4-years-040621007406?src=jobsearchDesk&sid=16254839325451095&xp=4&px=8
124,Brunel India Pvt Ltd,4.8,Artificial Intelligence (Data & Information Strategy ),Brunel India Pvt Ltd,Not disclosed,Chennai,Artificial IntelligenceData AnalyticsBusiness AnalysisCloud ComputingVideo AnalyticsBlockchainchat botText Mining,https://www.naukri.com/job-listings-artificial-intelligence-data-information-strategy-brunel-india-pvt-ltd-chennai-12-to-22-years-240521003658?src=jobsearchDesk&sid=16254839325451095&xp=5&px=8
125,SR Consulting ,Nan,Python Developer ( Artificial Intelligence Domain),SR Consulting ,Not disclosed,Chennai,TensorflowPattern RecognitionLinuxOpencvArtificial IntelligenceComputer VisionMachine LearningPython,https://www.naukri.com/job-listings-python-developer-artificial-intelligence-domain-sr-consulting-chennai-4-to-9-years-130621000370?src=jobsearchDesk&sid=16254839325451095&xp=6&px=8
126,Luxoft,4.5,Regular Hadoop Developer,Luxoft,Not disclosed,Chennai,ScalaSparkCommunicationHadoopAgile MethodologyIT SkillsBig Dataadvanced analytics,https://www.naukri.com/job-listings-regular-hadoop-developer-luxoft-chennai-3-to-7-years-180621501496?src=jobsearchDesk&sid=16254839325451095&xp=7&px=8
127,Thirdware Solution Limited,4.4,"Python Developer - Thirdware, Chennai",Thirdware Solution Limited,"5,00,000 - 15,00,000 PA.",Chennai(Sholinganallur),IT SkillsJavaPythonMachine LearningCloudJenkinsTensorflowkubernetes,https://www.naukri.com/job-listings-python-developer-thirdware-chennai-thirdware-solution-limited-chennai-5-to-10-years-270321002576?src=jobsearchDesk&sid=16254839325451095&xp=8&px=8
128,"dotSolved India Pvt., Ltd.",Nan,Data  Engineer ETL Developer,"dotSolved India Pvt., Ltd.","9,50,000 - 18,00,000 PA.","Chennai, Bangalore/Bengaluru",IT SkillsPythonData ScienceCloudAlgorithmsGoogle AnalyticsQlik SenseData Pipeline,https://www.naukri.com/job-listings-data-engineer-etl-developer-dotsolved-india-pvt-ltd-chennai-bangalore-bengaluru-7-to-12-years-280621013496?src=jobsearchDesk&sid=16254839325451095&xp=9&px=8
129,Independent HR Consulting,Nan,Engineer - Artificial Intelligence & Machine Learning,Independent HR Consulting,Not disclosed,Chennai,IT SkillsMachine LearningC++Artificial IntelligenceOOADImage ProcessingSystem ImplementationMachine Vision,https://www.naukri.com/job-listings-engineer-artificial-intelligence-machine-learning-independent-hr-consulting-chennai-3-to-8-years-010421905167?src=jobsearchDesk&sid=16254839325451095&xp=10&px=8
130,Lorven Technologies Private Limited ,Nan,Data Science & Analytics with Python Skills - Chennai,Lorven Technologies Private Limited ,Not disclosed,Chennai,SQL QueriesSQLStored procedureMACROSSASGraphsSAS ODSBase SAS,https://www.naukri.com/job-listings-data-science-analytics-with-python-skills-chennai-lorven-technologies-private-limited-chennai-3-to-8-years-130521003922?src=jobsearchDesk&sid=16254839325451095&xp=11&px=8
131,Standard Chartered Global Business Services Private Limited,3.8,Sr Tableau Developer,Standard Chartered Global Business Services Private Limited,Not disclosed,"Chennai(OMR), Bangalore/Bengaluru(Bellandur)",Business IntelligenceHiveHyperAgileData VisualizationTableauPython,https://www.naukri.com/job-listings-sr-tableau-developer-standard-chartered-global-business-services-privat-e-limited-chennai-bangalore-bengaluru-7-to-11-years-280521003472?src=jobsearchDesk&sid=16254839325451095&xp=12&px=8
132,Accenture Solutions Pvt Ltd,4.0,ACN - Digital - Analytics - Solutions AI - 07,Accenture Solutions Pvt Ltd,Not disclosed,Chennai,TDMS SQLSpotfireSybaseEnterprise Mineroral communicationPIGTableau,https://www.naukri.com/job-listings-acn-digital-analytics-solutions-ai-07-accenture-solutions-pvt-ltd-chennai-10-to-12-years-210521901363?src=jobsearchDesk&sid=16254839325451095&xp=13&px=8
133,Hitachi ABB Power Grids,3.7,Data Scientist,Hitachi ABB Power Grids,Not disclosed,Chennai,ProcurementSystem testingISOdata scienceCodingAgile developmentData collectionData mining,https://www.naukri.com/job-listings-data-scientist-hitachi-abb-power-grids-chennai-5-to-8-years-280521501740?src=jobsearchDesk&sid=16254839325451095&xp=14&px=8
134,Okda Solutions,Nan,Senior Analyst - Java/j2ee/python,Okda Solutions,Not disclosed,"Hyderabad/Secunderabad, Chennai",IT SkillsJavaJ2EEPythonMachine LearningBig DataJenkinsCI / CD,https://www.naukri.com/job-listings-senior-analyst-java-j2ee-python-okda-solutions-hyderabad-secunderabad-chennai-3-to-5-years-141119905096?src=jobsearchDesk&sid=16254839325451095&xp=15&px=8
135,SRM Institute of Science and Technology,3.4,Assistant Professor - Computer Applications - Science & Humanities,SRM Institute of Science and Technology,Not disclosed,"Chennai, Kanchipuram, Chengalpattu",Computer ScienceComputer ApplicationBig DataSoft ComputingMachine Learning,https://www.naukri.com/job-listings-assistant-professor-computer-applications-science-humanities-srm-institute-of-science-and-technology-chennai-kanchipuram-chengalpattu-3-to-6-years-090621008579?src=jobsearchDesk&sid=16254839325451095&xp=16&px=8
136,GenNext India Private Limited,Nan,Senior Data Scientist Chennai,GenNext India Private Limited,Not disclosed,Chennai,data analyticsdata modelingIT SkillsTestingPredictive ModelingCredit RiskStatistical Analysis,https://www.naukri.com/job-listings-senior-data-scientist-chennai-gennext-india-private-limited-chennai-3-to-8-years-080621003358?src=jobsearchDesk&sid=16254839325451095&xp=17&px=8
137,PES HR Services a div of AMAL INFOSYSTEMS Pvt Ltd ,Nan,Permanent Job | NLP Data Science Engineer | MNC | Chennai,PES HR Services a div of AMAL INFOSYSTEMS Pvt Ltd ,Not disclosed,Chennai,Text BlobSpacyopensource frameworksGRULSTMRNNNLTKStanford CoreNLP,https://www.naukri.com/job-listings-permanent-nlp-data-science-engineer-mnc-chennai-pes-hr-services-a-div-of-amal-infosystems-pvt-ltd-chennai-3-to-7-years-090621002903?src=jobsearchDesk&sid=16254839325451095&xp=18&px=8
138,Talent  Corner HR Services Pvt Ltd,Nan,Data Scientist with CPG/Retail with product recommendation experience,Talent  Corner HR Services Pvt Ltd,"20,00,000 - 30,00,000 PA.","Kolkata, Mumbai, Hyderabad/Secunderabad, Pune, Ahmedabad, Chennai, Bangalore/Bengaluru, Delhi / NCR",Machine learningMySQLData BricksPythonMatlab Microsoft AzureML StudioSparkPower BI,https://www.naukri.com/job-listings-data-scientist-with-cpg-retail-with-product-recommendation-experience-talent-corner-hr-services-pvt-ltd-kolkata-mumbai-hyderabad-secunderabad-pune-ahmedabad-chennai-bangalore-bengaluru-delhi-ncr-5-to-10-years-130521001138?src=jobsearchDesk&sid=16254839325451095&xp=19&px=8
139,MM JAIN AGENCIES  ,Nan,SSE Machine Learning (CBR),MM JAIN AGENCIES  ,"10,00,000 - 20,00,000 PA.","Hyderabad/Secunderabad, Chennai, Bangalore/Bengaluru",PySparkDevops CloudML LifecycleIT SkillsCloudDevOps,https://www.naukri.com/job-listings-sse-machine-learning-cbr-mm-jain-agencies-hyderabad-secunderabad-chennai-bangalore-bengaluru-4-to-9-years-210621003646?src=jobsearchDesk&sid=16254839325451095&xp=20&px=8
140,Xome,4.0,Senior Data Analyst,Xome,Not disclosed,Chennai,Performance tuningDiversity and InclusionSSRSpower biData AnalystSSISBusiness intelligenceInformation technology,https://www.naukri.com/job-listings-senior-data-analyst-xome-chennai-2-to-4-years-160221500226?src=jobsearchDesk&sid=16254839693581170&xp=1&px=9
141,Latent view,3.8,Analyst / Senior Analyst - Data Modeling,Latent view,Not disclosed,Chennai,AnalystmetadatagithubLinuxData modelingGCPTeradatabig data,https://www.naukri.com/job-listings-analyst-senior-analyst-data-modeling-latent-view-chennai-2-to-5-years-210121500279?src=jobsearchDesk&sid=16254839693581170&xp=2&px=9
142,Evoqua Water Technologies India Private Limited,Nan,Power BI Developer – Data Visualization Analyst – Contract Role,Evoqua Water Technologies India Private Limited,Not disclosed,Chennai(Porur +1),Power BiData Visualization,https://www.naukri.com/job-listings-power-bi-developer-data-visualization-analyst-contract-role-evoqua-water-technologies-india-private-limited-chennai-1-to-2-years-080621005546?src=jobsearchDesk&sid=16254839693581170&xp=3&px=9
143,ShieldSquare _x001A_,Nan,Technical Support Lead Security Analyst,ShieldSquare _x001A_,Not disclosed,Chennai,BPOdata analysisTechnical Support Leaddata scienceGCPCustomer satisfactionData analyticsProduct support,https://www.naukri.com/job-listings-technical-support-lead-security-analyst-shieldsquare-x001a-chennai-5-to-8-years-160621501781?src=jobsearchDesk&sid=16254839693581170&xp=4&px=9
144,"dotSolved India Pvt., Ltd.",Nan,AR Data Analyst,"dotSolved India Pvt., Ltd.","5,00,000 - 10,00,000 PA.",Chennai,SASdata analyticsNetSuiteTableauAccounts ReceivableMS OfficeData supportSQL,https://www.naukri.com/job-listings-ar-data-analyst-dotsolved-india-pvt-ltd-chennai-4-to-9-years-020721001487?src=jobsearchDesk&sid=16254839693581170&xp=5&px=9
145,Precision Techserve Private Limited,3.7,Job Opening For Big Data Analyst @ Chennai Location.,Precision Techserve Private Limited,Not disclosed,Chennai,Apache KafkaSparkScalaJavaApacheSQLKibanaGrafana,https://www.naukri.com/job-listings-opening-for-big-data-analyst-chennai-location-precision-techserve-private-limited-chennai-1-to-2-years-300621002343?src=jobsearchDesk&sid=16254839693581170&xp=6&px=9
146,GTB,4.1,Jr . Data Analyst - SAP CRM,GTB,Not disclosed,Chennai,MS AccessCampaign managementCodingAnalyticalSAP CRMData processingHTMLAnalytics,https://www.naukri.com/job-listings-jr-data-analyst-sap-crm-gtb-chennai-2-to-4-years-280621500913?src=jobsearchDesk&sid=16254839693581170&xp=7&px=9
147,GP Strategies India Pvt Ltd,3.9,Business Data Analyst,GP Strategies India Pvt Ltd,Not disclosed,Chennai,SQLMacrosExcelDAXPowerBIPower PivotsPower QueryVBA,https://www.naukri.com/job-listings-business-data-analyst-gp-strategies-india-pvt-ltd-chennai-3-to-5-years-270421001267?src=jobsearchDesk&sid=16254839693581170&xp=8&px=9
148,European Company,Nan,Data analyst,European Company,"7,00,000 - 13,00,000 PA.",Chennai,ProcurementPricing AnalysisPurchaseCost AnalysisBig Data AnalyticsCostingPower BiData Management,https://www.naukri.com/job-listings-data-analyst-european-company-chennai-5-to-8-years-010721006251?src=jobsearchDesk&sid=16254839693581170&xp=9&px=9
149,RAQMIYAT L.L.C,2.6,Data Analyst,RAQMIYAT L.L.C,Not disclosed,Chennai,data analyticsCdata analysisMS ExcelMS PowerpointanalyticalSQLPredictive Modeling,https://www.naukri.com/job-listings-data-analyst-raqmiyat-l-l-c-chennai-2-to-7-years-010721002526?src=jobsearchDesk&sid=16254839693581170&xp=10&px=9
150,ikomet Technology Solutions Pvt. Ltd.,5.0,Data Analyst,ikomet Technology Solutions Pvt. Ltd.,Not disclosed,Chennai,ExcelGCPdata reportingVLOOKUPdata privacyData analyticsData miningMacros,https://www.naukri.com/job-listings-data-analyst-ikomet-technology-solutions-pvt-ltd-chennai-3-to-5-years-110221500072?src=jobsearchDesk&sid=16254839693581170&xp=11&px=9
151,Tiger Analytics India LLP,3.7,Senior Business Analyst - Analytics Consulting | Tiger Analytics |,Tiger Analytics India LLP,Not disclosed,"Hyderabad/Secunderabad, Chennai, Bangalore/Bengaluru",IT SkillsPythonMachine LearningBig DataTableauBusiness IntelligenceBusiness AnalyticsPower Bi,https://www.naukri.com/job-listings-senior-business-analyst-analytics-consulting-tiger-analytics-tiger-analytics-india-llp-hyderabad-secunderabad-chennai-bangalore-bengaluru-2-to-5-years-280521001355?src=jobsearchDesk&sid=16254839693581170&xp=12&px=9
152,SHORTLIST PROFESSIONAL SERVICES PRIVATE LIMITED   ,Nan,Senior Data Reporting Analyst,SHORTLIST PROFESSIONAL SERVICES PRIVATE LIMITED   ,Not disclosed,"Chennai, Bangalore/Bengaluru, Delhi / NCR",AWS technologiesdata sourcingAWS Redshiftwrittendata visualizationAWS QuicksightSQLoral communication,https://www.naukri.com/job-listings-senior-data-reporting-analyst-shortlist-professional-services-private-limited-chennai-bangalore-bengaluru-delhi-ncr-5-to-10-years-080621002972?src=jobsearchDesk&sid=16254839693581170&xp=13&px=9
153,Xitadel Cae Technologies India Private Limited,1.6,Multiple IT and Management Requirement.,Xitadel Cae Technologies India Private Limited,Not disclosed,"Chennai, Bangalore/Bengaluru",IT SkillsJavaPythonSoftware DevelopmentData ScienceCloudBig DataHadoop,https://www.naukri.com/job-listings-multiple-it-and-management-requirement-xitadel-cae-technologies-india-private-limited-chennai-bangalore-bengaluru-5-to-10-years-020721008341?src=jobsearchDesk&sid=16254839693581170&xp=14&px=9
154,GreatLearning,4.1,Data Scientist,GreatLearning,Not disclosed,"Pune, Chennai, Bangalore/Bengaluru",data cleansingAutomationData analysistableauManager Program ManagementData collectionFeasibility analysisManagement,https://www.naukri.com/job-listings-data-scientist-greatlearning-pune-chennai-bangalore-bengaluru-3-to-5-years-190421500622?src=jobsearchDesk&sid=16254839693581170&xp=15&px=9
155,Wells Fargo International Solutions Private Ltd,4.1,Info Security Engineer,Wells Fargo International Solutions Private Ltd,Not disclosed,Chennai,IT SkillsJavaPythonSoftware DevelopmentTestingQuality AssuranceData ScienceAnomaly Detection,https://www.naukri.com/job-listings-info-security-engineer-wells-fargo-international-solutions-private-ltd-india-3-to-8-years-100621908142?src=jobsearchDesk&sid=16254839693581170&xp=16&px=9
156,IBM India Pvt. Limited,4.0,Data Engineer: Big Data,IBM India Pvt. Limited,Not disclosed,Chennai,Data analysisData validationPublishingRDBMSAgileSchedulingDBMSdata mapping,https://www.naukri.com/job-listings-data-engineer-big-data-ibm-india-pvt-limited-chennai-4-to-8-years-250521906438?src=jobsearchDesk&sid=16254839693581170&xp=17&px=9
157,Hexaware Technologies Ltd.,3.4,Data Integration Engineer,Hexaware Technologies Ltd.,Not disclosed,Chennai,OraclecommunicationInformatica Data Privacy managementSQLmetadataPDFData managementOracle SQL,https://www.naukri.com/job-listings-data-integration-engineer-hexaware-technologies-ltd-chennai-4-to-7-years-010721500681?src=jobsearchDesk&sid=16254839693581170&xp=18&px=9
158,ARTIFEX TECHNOLOGIES PVT LTD ,Nan,Data Analyst,ARTIFEX TECHNOLOGIES PVT LTD ,"8,00,000 - 18,00,000 PA.","Chennai, Bangalore/Bengaluru, Mumbai (All Areas)",SSRSMS SQL ServerC#TFSSoftware DevelopmentAzureADO.NetData Analysis,https://www.naukri.com/job-listings-data-analyst-artifex-technologies-pvt-ltd-chennai-bangalore-bengaluru-mumbai-all-areas-2-to-7-years-280621000325?src=jobsearchDesk&sid=16254839693581170&xp=19&px=9
159,Freshworks Technologies,3.4,Data Analyst,Freshworks Technologies,Not disclosed,Chennai,ExcelData AnalysisSQLSAASData Modeling,https://www.naukri.com/job-listings-data-analyst-freshworks-technologies-pvt-ltd-chennai-1-to-3-years-210621001576?src=jobsearchDesk&sid=16254839693581170&xp=20&px=9
160,OneMagnify,5.0,Data Analyst,OneMagnify,Not disclosed,Chennai,Computer scienceSales planningDb2Financial accountingUnix scriptingInformaticaOracleTeradata,https://www.naukri.com/job-listings-data-analyst-onemagnify-chennai-1-to-4-years-250621500184?src=jobsearchDesk&sid=16254840087165951&xp=1&px=10
161,OneMagnify,5.0,Data Analyst,OneMagnify,Not disclosed,Chennai,SQL queriesVB SCRIPTData modelingSchemaData structuresData AnalystUnit testingQlikView,https://www.naukri.com/job-listings-data-analyst-onemagnify-chennai-1-to-3-years-250621500111?src=jobsearchDesk&sid=16254840087165951&xp=2&px=10
162,Mind Circus Innovation,Nan,Excel VBA Jobs Chennai | VBA data analyst Jobs,Mind Circus Innovation,"90,000 - 2,50,000 PA.","Pondicherry/Puducherry, Chennai, Tiruchirapalli/Trichy",ExcelVBAData AnalysisWordMISVLOOKUPAdvanced ExcelAPI,https://www.naukri.com/job-listings-excel-vba-jobs-chennai-vba-data-analyst-jobs-mind-circus-innovation-pondicherry-puducherry-chennai-tiruchirapalli-trichy-1-to-2-years-250621005983?src=jobsearchDesk&sid=16254840087165951&xp=3&px=10
163,Kinaxis,Nan,Machine Learning Developer - Data Scientist,Kinaxis,Not disclosed,Chennai,Computer scienceData analysisLinuxDebuggingMachine learningCloudHRSQL,https://www.naukri.com/job-listings-machine-learning-developer-data-scientist-kinaxis-chennai-6-to-10-years-150421500820?src=jobsearchDesk&sid=16254840087165951&xp=4&px=10
164,Quantitative Brokers,Nan,KDB Data Analyst/Engineer Quantitative Brokers,Quantitative Brokers,Not disclosed,Chennai,UnixData analysisC++Data managementQuantitative researchLinuxFixed incomeAnalytical,https://www.naukri.com/job-listings-kdb-data-analyst-engineer-quantitative-brokers-quantitative-brokers-chennai-1-to-4-years-011220501489?src=jobsearchDesk&sid=16254840087165951&xp=5&px=10
165,Optum Global Solutions (India) Private Limited,4.1,Data Engineering Analyst,Optum Global Solutions (India) Private Limited,Not disclosed,Chennai,JavaData EngineeringPostgresqlSCALAtroubleshootingSparkPostgresOracle,https://www.naukri.com/job-listings-data-engineering-analyst-optum-global-solutions-india-private-limited-chennai-3-to-5-years-140621900981?src=jobsearchDesk&sid=16254840087165951&xp=6&px=10
166,Valeo India Pvt Ltd,3.6,Data Analysis Engineer,Valeo India Pvt Ltd,Not disclosed,Chennai,Computer scienceText miningData analysisMS SQLSAPMachine learningdata visualizationData mining,https://www.naukri.com/job-listings-data-analysis-engineer-valeo-india-pvt-ltd-chennai-2-to-5-years-110621500364?src=jobsearchDesk&sid=16254840087165951&xp=7&px=10
167,Congruent Info-Tech Pvt. Ltd,4.5,Looking For Freshers,Congruent Info-Tech Pvt. Ltd,Not disclosed,Chennai,Data ScienceAnalyticsFreshersIT SkillsClouddatabasessaasFull Stack,https://www.naukri.com/job-listings-looking-for-freshers-congruent-info-tech-pvt-ltd-chennai-0-to-1-years-220621006280?src=jobsearchDesk&sid=16254840087165951&xp=8&px=10
168,ZETTAMINE LABS PRIVATE LIMITED,4.4,Hiring DATA Solution Architect - Apply Now..!!,ZETTAMINE LABS PRIVATE LIMITED,Not disclosed,"Kolkata, Hyderabad/Secunderabad, Chennai, Bangalore/Bengaluru, Mumbai (All Areas)",IT SkillsAWSSAPSalesforceAzureZachmanTOGAFData Analysis,https://www.naukri.com/job-listings-hiring-data-solution-architect-apply-now-zettamine-labs-private-limited-kolkata-hyderabad-secunderabad-chennai-bangalore-bengaluru-mumbai-all-areas-10-to-15-years-160321003188?src=jobsearchDesk&sid=16254840087165951&xp=9&px=10
169,Shell India Markets Private Limited,4.1,Specialist Technical Data - SSW,Shell India Markets Private Limited,Not disclosed,Chennai,Petroleum EngineeringData ManagementReport PreparationGasData AnalysisAsset OperationsExplorationAsset Management,https://www.naukri.com/job-listings-specialist-technical-data-ssw-shell-india-markets-private-limited-chennai-2-to-7-years-020721904110?src=jobsearchDesk&sid=16254840087165951&xp=10&px=10
170,Profiworx Technologies India,Nan,Data Analyst Power BI,Profiworx Technologies India,Not disclosed,"Kochi/Cochin, Kakinada, Chennai",IT SkillsMS SQLTableauPower BIData AnalystAnalytics,https://www.naukri.com/job-listings-data-analyst-power-bi-profiworx-technologies-india-kochi-cochin-kakinada-chennai-2-to-7-years-160320502805?src=jobsearchDesk&sid=16254840087165951&xp=11&px=10
171,Freshdesk,3.6,Data Analyst - Revenue Operations,Freshdesk,Not disclosed,Chennai,Computer scienceMarket analysisLogistic regressionSASCustomer supportForecastingciscoAnalytics,https://www.naukri.com/job-listings-data-analyst-revenue-operations-freshdesk-chennai-1-to-4-years-120421500723?src=jobsearchDesk&sid=16254840087165951&xp=12&px=10
172,BSRI SOLUTIONS PRIVATE LIMITED (OPC),Nan,Data Analyst,BSRI SOLUTIONS PRIVATE LIMITED (OPC),Not disclosed,Chennai,Power BIMicroStrategyTableaudata analystSQL,https://www.naukri.com/job-listings-data-analyst-bsri-solutions-private-limited-opc-chennai-5-to-10-years-230621901958?src=jobsearchDesk&sid=16254840087165951&xp=13&px=10
173,Naukri Premium - Employer Services,Nan,Data Analyst,Naukri Premium - Employer Services,"8,00,000 - 12,00,000 PA.",Chennai,RArtificial IntelligenceData AnalysisData AnalystMachine LearningPython,https://www.naukri.com/job-listings-data-analyst-naukri-employer-services-chennai-3-to-6-years-020621005934?src=jobsearchDesk&sid=16254840087165951&xp=14&px=10
174,VTalentGlobal,Nan,Business Data Analyst,VTalentGlobal,Not disclosed,Chennai,Supply chainMicrostrategyData analysisERPAutomationAnalyticalCorporate financeMacros,https://www.naukri.com/job-listings-business-data-analyst-vtalentglobal-chennai-2-to-7-years-311219500980?src=jobsearchDesk&sid=16254840087165951&xp=15&px=10
175,VTalentGlobal,Nan,Business Analyst SQL Data,VTalentGlobal,Not disclosed,Chennai,Data analysisBusiness AnalystBankingManager TechnologyEnterprise softwareSQL,https://www.naukri.com/job-listings-business-analyst-sql-data-vtalentglobal-chennai-4-to-8-years-311219500942?src=jobsearchDesk&sid=16254840087165951&xp=16&px=10
176,Sword Global (India) Pvt Ltd,4.7,Sword is hiring  Data Analyst with strong SQL experience,Sword Global (India) Pvt Ltd,Not disclosed,Chennai,communicationMS SQL ServerSSISPowerShellPostgreSQL DBSQLT - SQLSQLCMD,https://www.naukri.com/job-listings-sword-is-hiring-data-analyst-with-strong-sql-experience-sword-global-india-pvt-ltd-chennai-5-to-10-years-311020002064?src=jobsearchDesk&sid=16254840087165951&xp=17&px=10
177,"ViaSat, Inc.",4.9,Lead Data Analyst - Retention,"ViaSat, Inc.",Not disclosed,Chennai,Business processData analysisAnalyticalBillingCustomer retentionGeneticsAnalyticsSQL,https://www.naukri.com/job-listings-lead-data-analyst-retention-viasat-inc-chennai-3-to-5-years-300421501278?src=jobsearchDesk&sid=16254840087165951&xp=18&px=10
178,Ajira,Nan,Data Analyst,Ajira,Not disclosed,Chennai,IT SkillsPythonTableauPower BIManager TechnologyData AnalystOpen sourcebig data,https://www.naukri.com/job-listings-data-analyst-ajira-chennai-5-to-10-years-280920500017?src=jobsearchDesk&sid=16254840087165951&xp=19&px=10
179,Schwing Stetter (India) Private Limited,4.3,Data Analyst,Schwing Stetter (India) Private Limited,Not disclosed,Chennai(Irungattukottai),Qlik SenseData AnalysisDashboards,https://www.naukri.com/job-listings-data-analyst-schwing-stetter-india-private-limited-chennai-5-to-7-years-280521004304?src=jobsearchDesk&sid=16254840087165951&xp=20&px=10
